Workbook

Sheet 25级保育1班
A1: 序号 | B1: 姓名 | C1: 考号 | D1: 学号 | E1: 语文 | F1: 数学 | G1: 英语 | H1: 学前儿童发展心理 | I1: 学前儿童卫生保健 | J1: 学前教育基础知识 | K1: 总分 | L1: 排名
A2: 1 | B2: 陈李红 | C2: 1117 | D2: ==VLOOKUP(B2,[1]在校生综合信息查询!$A$2:$C$41,2,0) -> 25q770101025 | E2: 84 | F2: 24 | G2: 24 | H2: 21 | I2: 33 | J2: 20 | K2: 206
A3: 2 | B3: 陈紫琳 | C3: 1126 | D3: ==VLOOKUP(B3,[1]在校生综合信息查询!$A$2:$C$41,2,0) -> 25q740101023 | E3: 12 | F3: 8 | G3: 19 | H3: 12 | I3: 19 | J3: 3 | K3: 73
A4: 3 | B4: 陈紫伊 | C4: 1104 | D4: ==VLOOKUP(B4,[1]在校生综合信息查询!$A$2:$C$41,2,0) -> 25q770101010 | E4: 64 | F4: 12 | G4: 32.5 | H4: 25 | I4: 39 | J4: 18 | K4: 190.5
A5: 4 | B5: 范雨 | C5: 1101 | D5: ==VLOOKUP(B5,[1]在校生综合信息查询!$A$2:$C$41,2,0) -> 25q770101007 | E5: 39 | F5: 24 | G5: 23.5 | H5: 21 | I5: 63 | J5: 13 | K5: 183.5
A6: 5 | B6: 冯钥垚 | C6: 1125 | D6: ==VLOOKUP(B6,[1]在校生综合信息查询!$A$2:$C$41,2,0) -> 25q710103145 | E6: 68 | F6: 12 | G6: 29.5 | H6: 12 | I6: 26 | J6: 18 | K6: 165.5
A7: 6 | B7: 付雅琳 | C7: 1096 | D7: ==VLOOKUP(B7,[1]在校生综合信息查询!$A$2:$C$41,2,0) -> 25q770101034 | E7: 54 | F7: 32 | G7: 29 | H7: 33 | I7: 61 | J7: 18 | K7: 227
A8: 7 | B8: 付雨馨 | C8: 1108 | D8: ==VLOOKUP(B8,[1]在校生综合信息查询!$A$2:$C$41,2,0) -> 25q770101014 | E8: 54 | F8: 36 | G8: 29 | H8: 21 | I8: 41 | J8: 18 | K8: 199
A9: 8 | B9: 黄麟瑾 | C9: 1100 | D9: ==VLOOKUP(B9,[1]在校生综合信息查询!$A$2:$C$41,2,0) -> 25q770101005 | E9: 34 | F9: 39 | G9: 20.5 | H9: 27 | I9: 24 | J9: 15 | K9: 159.5
A10: 9 | B10: 李嘉琪 | C10: 1113 | D10: ==VLOOKUP(B10,[1]在校生综合信息查询!$A$2:$C$41,2,0) -> 25q770101020 | E10: 61 | F10: 12 | G10: 18.5 | H10: 24 | I10: 44 | J10: 27 | K10: 186.5
A11: 10 | B11: 李泳颉 | C11: 1098 | D11: ==VLOOKUP(B11,[1]在校生综合信息查询!$A$2:$C$41,2,0) -> 25q770101003 | E11: 15 | F11: 40 | G11: 29 | H11: 24 | I11: 44 | J11: 21 | K11: 173
A12: 11 | B12: 李泳谊 | C12: 1099 | D12: ==VLOOKUP(B12,[1]在校生综合信息查询!$A$2:$C$41,2,0) -> 25q770101004 | E12: 35 | F12: 16 | G12: 22 | H12: 12 | I12: 23 | J12: 15 | K12: 123
A13: 12 | B13: 李雨琴 | C13: 1114 | D13: ==VLOOKUP(B13,[1]在校生综合信息查询!$A$2:$C$41,2,0) -> 25q770101022 | E13: 52 | F13: 32 | G13: 16 | H13: 12 | I13: 30 | J13: 18 | K13: 160
... A33: 32 | B33: 朱语佳 | C33: 1111 | D33: ==VLOOKUP(B33,[1]在校生综合信息查询!$A$2:$C$41,2,0) -> 25q770101018 | E33: 83 | F33: 24 | G33: 20 | H33: 24 | I33: 43 | J33: 35 | K33: 229
B34: 牟梦昕
B35: 田金玲

Sheet 25级保育本方班
A1: 序号 | B1: 姓名 | C1: 考号 | D1: 学号 | E1: 语文 | F1: 数学 | G1: 英语 | H1: 学前儿童发展心理 | I1: 学前儿童卫生保健 | J1: 学前教育基础知识 | K1: 总分 | L1: 排名
A2: 1 | B2: 彭潇然 | E2: 109 | F2: 101 | G2: 82.5 | H2: 70 | I2: 92 | J2: 76 | K2: 530.5 | L2: 1
A3: 2 | B3: 沈玉欣 | E3: 96 | F3: 135 | G3: 71 | H3: 84 | I3: 75 | J3: 67 | K3: 528 | L3: 2
A4: 3 | B4: 王梦婷 | E4: 98 | F4: 95 | G4: 83 | H4: 84 | I4: 86 | J4: 80 | K4: 526 | L4: 3
A5: 4 | B5: 秦芸 | E5: 104 | F5: 130 | G5: 81 | H5: 50 | I5: 85 | J5: 50 | K5: 500 | L5: 4
A6: 5 | B6: 李梦蝶 | E6: 97 | F6: 109 | G6: 64 | H6: 65 | I6: 81 | J6: 80 | K6: 496 | L6: 5
A7: 6 | B7: 黄俊曦 | E7: 88 | F7: 82 | G7: 70 | H7: 71 | I7: 92 | J7: 71 | K7: 474 | L7: 6
A8: 7 | B8: 李重阳 | E8: 96 | F8: 124 | G8: 64 | H8: 60 | I8: 61 | J8: 61 | K8: 466 | L8: 7
A9: 8 | B9: 孙雨茹 | E9: 93 | F9: 74 | G9: 56 | H9: 66 | I9: 71 | J9: 56 | K9: 416 | L9: 8
A10: 9 | B10: 李宇馨 | E10: 83 | F10: 82 | G10: 52.5 | H10: 62 | I10: 63 | J10: 44 | K10: 386.5 | L10: 9
A11: 10 | B11: 霍静琳 | E11: 91 | F11: 67 | G11: 46.5 | H11: 53 | I11: 55 | J11: 60 | K11: 372.5 | L11: 10
A12: 11 | B12: 张雨嘉 | E12: 90 | F12: 49 | G12: 41 | H12: 60 | I12: 81 | J12: 35 | K12: 356 | L12: 11
A13: 12 | B13: 徐梓茹 | E13: 81 | F13: 41 | G13: 45 | H13: 56 | I13: 61 | J13: 52 | K13: 336 | L13: 12
... A26: 25 | B26: 王依依 | E26: 41 | F26: 16 | G26: 43.5 | H26: 30 | I26: 41 | J26: 23 | K26: 194.5 | L26: 25
A27: 26 | B27: 曹雅琳 | E27: 缺考 | F27: 缺考 | G27: 缺考 | H27: 缺考 | I27: 缺考 | J27: 缺考 | K27: 0 | L27: 26

Sheet 25级茶艺班
A1: 序号 | B1: 姓名 | C1: 考号 | D1: 学号 | E1: 语文 | F1: 数学 | G1: 英语 | H1: 中国旅游地理 | I1: 茶艺概论 | J1: 餐饮服务与管理 | K1: 总分 | L1: 排名
A2: 1 | B2: 陈湘 | C2: 1142 | D2: ==VLOOKUP(B2,[1]在校生综合信息查询!$A$68:$C$88,2,0) -> 25q740101068 | E2: 59 | F2: 12 | G2: 21 | H2: 52 | I2: 70 | J2: 44
A3: 2 | B3: 苟雨涵 | C3: 1133 | D3: ==VLOOKUP(B3,[1]在校生综合信息查询!$A$68:$C$88,2,0) -> 25q740101055 | E3: 0 | F3: 0 | G3: 0 | H3: 0 | I3: 0 | J3: 0
A4: 3 | B4: 何正莹 | C4: 1138 | D4: ==VLOOKUP(B4,[1]在校生综合信息查询!$A$68:$C$88,2,0) -> 25q740101064 | E4: 63 | F4: 20 | G4: 30 | H4: 38.5 | I4: 62 | J4: 39.5
A5: 4 | B5: 刘琳 | C5: 1144 | D5: ==VLOOKUP(B5,[1]在校生综合信息查询!$A$68:$C$88,2,0) -> 25q710103205 | E5: 26 | F5: 24 | G5: 13.5 | H5: 58 | I5: 55 | J5: 45.5
A6: 5 | B6: 刘欣雨 | C6: 1131 | D6: ==VLOOKUP(B6,[1]在校生综合信息查询!$A$68:$C$88,2,0) -> 25q740101049 | E6: 46 | F6: 12 | G6: 30.5 | H6: 44.5 | I6: 76 | J6: 25
A7: 6 | B7: 沈丹凤 | C7: 1140 | D7: ==VLOOKUP(B7,[1]在校生综合信息查询!$A$68:$C$88,2,0) -> 25q740101066 | E7: 37 | F7: 16 | G7: 30 | H7: 48.5 | I7: 68 | J7: 37
A8: 7 | B8: 王彩霞 | C8: 1132 | D8: ==VLOOKUP(B8,[1]在校生综合信息查询!$A$68:$C$88,2,0) -> 25q740101050 | E8: 81 | F8: 12 | G8: 37.5 | H8: 18 | I8: 88 | J8: 41.5
A9: 8 | B9: 杨晶 | C9: 1136 | D9: ==VLOOKUP(B9,[1]在校生综合信息查询!$A$68:$C$88,2,0) -> 25q740101058 | E9: 57 | F9: 12 | G9: 30.5 | H9: 54 | I9: 40 | J9: 54
A10: 9 | B10: 杨梦宇 | C10: 1143 | D10: ==VLOOKUP(B10,[1]在校生综合信息查询!$A$68:$C$88,2,0) -> #N/A | E10: 0 | F10: 0 | G10: 0 | H10: 0 | I10: 0 | J10: 0
A11: 10 | B11: 杨晰文 | C11: 1129 | D11: ==VLOOKUP(B11,[1]在校生综合信息查询!$A$68:$C$88,2,0) -> 25q740101002 | E11: 23 | F11: 12 | G11: 20 | H11: 28.5 | I11: 25 | J11: 35
A12: 11 | B12: 张诗雨 | C12: 1130 | D12: ==VLOOKUP(B12,[1]在校生综合信息查询!$A$68:$C$88,2,0) -> 25q740101004 | E12: 28 | F12: 8 | G12: 22 | H12: 39 | I12: 60 | J12: 41.5
A13: 12 | B13: 张雅萱 | C13: 1141 | D13: ==VLOOKUP(B13,[1]在校生综合信息查询!$A$68:$C$88,2,0) -> 25q740101067 | E13: 17 | F13: 16 | G13: 22 | H13: 31 | I13: 45 | J13: 36
... A15: 14 | B15: 赵雯怡 | C15: 1137 | D15: ==VLOOKUP(B15,[1]在校生综合信息查询!$A$68:$C$88,2,0) -> 25q740101060 | E15: 49 | F15: 20 | G15: 22.5 | H15: 38.5 | I15: 48 | J15: 28.5
A16: 15 | B16: 赵梓伊 | C16: 1134 | D16: ==VLOOKUP(B16,[1]在校生综合信息查询!$A$68:$C$88,2,0) -> 25q740101056 | E16: 0 | F16: 0 | G16: 0 | H16: 0 | I16: 0
A17: 16 | B17: 周国靖 | C17: 1128 | D17: ==VLOOKUP(B17,[1]在校生综合信息查询!$A$68:$C$88,2,0) -> 25q710103355 | E17: 56 | F17: 20 | G17: 21 | H17: 57 | I17: 66 | J17: 42.5
A18: 17 | B18: 祝荔檬 | C18: 1139 | D18: ==VLOOKUP(B18,[1]在校生综合信息查询!$A$68:$C$88,2,0) -> 25q740101065 | E18: 48 | F18: 8 | G18: 19 | H18: 64 | I18: 75 | J18: 40
A19: 18 | B19: 黄宇燕 | H19: 52 | I19: 55 | J19: 38.5

Sheet 25级电子（国防特色）班
A1: 序号 | B1: 姓名 | C1: 考号 | D1: 学号 | E1: 语文 | F1: 数学 | G1: 英语 | H1: 电工技术基础与技能实训 | I1: 电子技术基础与技能实训 | J1: 单片机技术与应用 | K1: 总分 | L1: 排名
A2: 1 | B2: 白宇城 | C2: 1369 | D2: ==VLOOKUP(B2,[1]在校生综合信息查询!$A$294:$C$348,2,0) -> 25q710103111 | E2: 30 | F2: 20 | G2: 22 | H2: 18 | I2: 18 | J2: 15
A3: 2 | B3: 曾展宏 | C3: 1349 | D3: ==VLOOKUP(B3,[1]在校生综合信息查询!$A$294:$C$348,2,0) -> 25q710103089 | E3: 22 | F3: 12 | G3: 23 | H3: 50 | I3: 12 | J3: 15
A4: 3 | B4: 陈树森 | C4: 1325 | D4: ==VLOOKUP(B4,[1]在校生综合信息查询!$A$294:$C$348,2,0) -> 25q710103093 | E4: 15 | F4: 20 | G4: 17 | H4: 16 | I4: 10
A5: 4 | B5: 邓杨 | C5: 1347 | D5: ==VLOOKUP(B5,[1]在校生综合信息查询!$A$294:$C$348,2,0) -> 25q710103087 | E5: 0 | F5: 0 | G5: 缺考
A6: 5 | B6: 俄底爸清 | C6: 1367 | D6: ==VLOOKUP(B6,[1]在校生综合信息查询!$A$294:$C$348,2,0) -> 25q710103109 | E6: 24 | F6: 28 | G6: 11 | H6: 18 | I6: 14 | J6: 29
A7: 6 | B7: 付俊熙 | C7: 1351 | D7: ==VLOOKUP(B7,[1]在校生综合信息查询!$A$294:$C$348,2,0) -> 25q710103091 | E7: 6 | F7: 32 | G7: 22.5 | H7: 16 | I7: 18 | J7: 33
A8: 7 | B8: 龚柯力 | C8: 1340 | D8: ==VLOOKUP(B8,[1]在校生综合信息查询!$A$294:$C$348,2,0) -> 25q710103080 | E8: 0 | F8: 0 | G8: 0
A9: 8 | B9: 郭松涛 | C9: 1375 | D9: ==VLOOKUP(B9,[1]在校生综合信息查询!$A$294:$C$348,2,0) -> #N/A | E9: 17 | F9: 24 | G9: 23.5 | H9: 20 | I9: 16 | J9: 21
A10: 9 | B10: 何东林 | C10: 1330 | D10: ==VLOOKUP(B10,[1]在校生综合信息查询!$A$294:$C$348,2,0) -> 25q710103068 | E10: 19 | F10: 36 | G10: 13.5 | H10: 16 | I10: 25 | J10: 26
A11: 10 | B11: 何家棋 | C11: 1366 | D11: ==VLOOKUP(B11,[1]在校生综合信息查询!$A$294:$C$348,2,0) -> 25q710103108 | E11: 6 | F11: 24 | G11: 23 | H11: 22 | I11: 18 | J11: 12
A12: 11 | B12: 胡凯荣 | C12: 1336 | D12: ==VLOOKUP(B12,[1]在校生综合信息查询!$A$294:$C$348,2,0) -> 25q710103075 | E12: 6 | F12: 28 | G12: 24.5 | H12: 16 | I12: 20 | J12: 18
A13: 12 | B13: 胡喻耀 | C13: 1372 | D13: ==VLOOKUP(B13,[1]在校生综合信息查询!$A$294:$C$348,2,0) -> 25q710103115 | E13: 11 | F13: 16 | G13: 12 | H13: 16 | I13: 10 | J13: 33
A14: 13 | B14: 黄炳富 | C14: 1368 | D14: ==VLOOKUP(B14,[1]在校生综合信息查询!$A$294:$C$348,2,0) -> 25q710103110 | E14: 15 | F14: 12 | G14: 18.5 | H14: 18 | I14: 18
A15: 14 | B15: 黄靖 | C15: 1331 | D15: ==VLOOKUP(B15,[1]在校生综合信息查询!$A$294:$C$348,2,0) -> 25q710103069 | E15: 11 | F15: 24 | G15: 19 | H15: 30 | I15: 23 | J15: 29
A16: 15 | B16: 黄舒伟 | C16: 1348 | D16: ==VLOOKUP(B16,[1]在校生综合信息查询!$A$294:$C$348,2,0) -> 25q710103088 | E16: 35 | F16: 16 | G16: 25 | H16: 22 | I16: 12 | J16: 27
A17: 16 | B17: 霍福杰 | C17: 1350 | D17: ==VLOOKUP(B17,[1]在校生综合信息查询!$A$294:$C$348,2,0) -> 25q710103090 | E17: 12 | F17: 20 | G17: 16.5 | H17: 18 | I17: 16 | J17: 21
A18: 17 | B18: 李金艺 | C18: 1370 | D18: ==VLOOKUP(B18,[1]在校生综合信息查询!$A$294:$C$348,2,0) -> 25q710103112 | E18: 6 | F18: 32 | G18: 19.5 | H18: 18 | I18: 14 | J18: 12
A19: 18 | B19: 李梦龙 | C19: 1364 | D19: ==VLOOKUP(B19,[1]在校生综合信息查询!$A$294:$C$348,2,0) -> 25q710103106 | E19: 9 | F19: 16 | G19: 23.5 | H19: 28 | I19: 26 | J19: 28
A20: 19 | B20: 李永 | C20: 1371 | D20: ==VLOOKUP(B20,[1]在校生综合信息查询!$A$294:$C$348,2,0) -> 25q710103113 | E20: 9 | F20: 24 | G20: 23 | H20: 14 | I20: 0
A21: 20 | B21: 李宇轩 | C21: 1332 | D21: ==VLOOKUP(B21,[1]在校生综合信息查询!$A$294:$C$348,2,0) -> 25q710103070 | E21: 15 | F21: 12 | G21: 14 | H21: 12 | I21: 16 | J21: 34.5
A22: 21 | B22: 凌磊 | C22: 1346 | D22: ==VLOOKUP(B22,[1]在校生综合信息查询!$A$294:$C$348,2,0) -> 25q710103086 | E22: 20 | F22: 28 | G22: 19 | H22: 34 | I22: 15 | J22: 30
A23: 22 | B23: 刘俊宇 | C23: 1360 | D23: ==VLOOKUP(B23,[1]在校生综合信息查询!$A$294:$C$348,2,0) -> 25q710103102 | E23: 9 | F23: —— | G23: 22 | H23: 14 | I23: 14 | J23: 30
A24: 23 | B24: 刘熙宇 | C24: 1365 | D24: ==VLOOKUP(B24,[1]在校生综合信息查询!$A$294:$C$348,2,0) -> 25q710103107 | E24: 23 | F24: 51 | G24: 29.5 | H24: 24 | I24: 20 | J24: 52.5
A25: 24 | B25: 刘志林 | C25: 1352 | D25: ==VLOOKUP(B25,[1]在校生综合信息查询!$A$294:$C$348,2,0) -> 25q710103092 | E25: 12 | F25: 24 | G25: 18.5 | H25: 24 | I25: 18 | J25: 15
A26: 25 | B26: 罗皓 | C26: 1354 | D26: ==VLOOKUP(B26,[1]在校生综合信息查询!$A$294:$C$348,2,0) -> 25q710103095 | E26: 11 | F26: 4 | G26: 36 | H26: 18 | I26: 16 | J26: 27
A27: 26 | B27: 罗皓轩 | C27: 1343 | D27: ==VLOOKUP(B27,[1]在校生综合信息查询!$A$294:$C$348,2,0) -> 25q710103083 | E27: 13 | F27: 32 | G27: 26 | H27: 18 | I27: 15 | J27: 27
A28: 27 | B28: 罗俊杰 | C28: 1345 | D28: ==VLOOKUP(B28,[1]在校生综合信息查询!$A$294:$C$348,2,0) -> 25q710103085 | E28: 9 | F28: 8 | G28: 16 | H28: 12 | I28: 16
A29: 28 | B29: 罗伊辰 | C29: 1334 | D29: ==VLOOKUP(B29,[1]在校生综合信息查询!$A$294:$C$348,2,0) -> 25q710103072 | E29: 15 | F29: 8 | G29: 29 | H29: 20 | I29: 18 | J29: 11.5
A30: 29 | B30: 彭家豪 | C30: 1359 | D30: ==VLOOKUP(B30,[1]在校生综合信息查询!$A$294:$C$348,2,0) -> 25q710103101 | E30: —— | F30: 20 | G30: 27 | H30: 20 | I30: 6 | J30: 30
A31: 30 | B31: 史毅 | C31: 1357 | D31: ==VLOOKUP(B31,[1]在校生综合信息查询!$A$294:$C$348,2,0) -> 25q710103099 | E31: 29 | F31: 30 | G31: 19 | H31: 27 | I31: 16 | J31: 29
A32: 31 | B32: 苏金宝 | C32: 1373 | D32: ==VLOOKUP(B32,[1]在校生综合信息查询!$A$294:$C$348,2,0) -> 25q710103116 | E32: 0 | F32: 0 | G32: 0
A33: 32 | B33: 唐鑫懿 | C33: 1363 | D33: ==VLOOKUP(B33,[1]在校生综合信息查询!$A$294:$C$348,2,0) -> 25q710103105 | E33: 6 | F33: 16 | G33: 25.5 | H33: 20 | I33: 16 | J33: 15
A34: 33 | B34: 王建平 | C34: 1341 | D34: ==VLOOKUP(B34,[1]在校生综合信息查询!$A$294:$C$348,2,0) -> 25q710103081 | E34: 6 | F34: 16 | G34: 13.5 | H34: 8 | I34: 14 | J34: 30
A35: 34 | B35: 王君浩 | C35: 1356 | D35: ==VLOOKUP(B35,[1]在校生综合信息查询!$A$294:$C$348,2,0) -> 25q710103097 | E35: 46 | F35: 12 | G35: 18.5 | H35: 40 | I35: 16 | J35: 21
A36: 35 | B36: 文玉祥 | C36: 1324 | D36: ==VLOOKUP(B36,[1]在校生综合信息查询!$A$294:$C$348,2,0) -> 25q710103067 | E36: 32 | F36: 32 | G36: 25.5 | H36: 30 | I36: 23 | J36: 51
A37: 36 | B37: 吴劲豪 | C37: 1377 | D37: ==VLOOKUP(B37,[1]在校生综合信息查询!$A$294:$C$348,2,0) -> 25q710103077 | E37: 9 | F37: 24 | G37: 20.5 | H37: 16 | I37: 12 | J37: 15
A38: 37 | B38: 吴至高 | C38: 1326 | D38: ==VLOOKUP(B38,[1]在校生综合信息查询!$A$294:$C$348,2,0) -> 25q710103100 | E38: 14 | F38: 12 | G38: 20.5 | H38: 22 | I38: 8 | J38: 21
A39: 38 | B39: 向鹏程 | C39: 1361 | D39: ==VLOOKUP(B39,[1]在校生综合信息查询!$A$294:$C$348,2,0) -> 25q710103071 | E39: 3 | F39: 8 | G39: 14.5 | H39: 6 | I39: 12
A40: 39 | B40: 严世豪 | C40: 1353 | D40: ==VLOOKUP(B40,[1]在校生综合信息查询!$A$294:$C$348,2,0) -> 25q710103114 | E40: 11 | F40: 4 | G40: 16 | H40: 16 | I40: 16 | J40: 27
A41: 40 | B41: 杨瀚宇 | C41: 1378 | D41: ==VLOOKUP(B41,[1]在校生综合信息查询!$A$294:$C$348,2,0) -> 25q710103079 | E41: 0 | F41: 0 | G41: 0
A42: 41 | B42: 叶俊杰 | C42: 1376 | D42: ==VLOOKUP(B42,[1]在校生综合信息查询!$A$294:$C$348,2,0) -> 25q710103078 | E42: 46 | F42: 31 | G42: 27.5 | H42: 24 | I42: 10 | J42: 48
A43: 42 | B43: 尹天俣 | C43: 1362 | D43: ==VLOOKUP(B43,[1]在校生综合信息查询!$A$294:$C$348,2,0) -> 25q710103082 | E43: 7 | F43: 16 | G43: 23.5 | H43: 16 | I43: 22 | J43: 24
A44: 43 | B44: 余星皞 | C44: 1344 | D44: ==VLOOKUP(B44,[1]在校生综合信息查询!$A$294:$C$348,2,0) -> 25q710103074 | E44: 20 | F44: 20 | G44: 17 | H44: 20 | I44: 12 | J44: 30
A45: 44 | B45: 张陈浩 | C45: 1328 | D45: ==VLOOKUP(B45,[1]在校生综合信息查询!$A$294:$C$348,2,0) -> 25q710103076 | E45: 41 | F45: 24 | G45: 10.5 | H45: 12 | I45: 19 | J45: 23
A46: 45 | B46: 张晨辉 | C46: 1374 | D46: ==VLOOKUP(B46,[1]在校生综合信息查询!$A$294:$C$348,2,0) -> #N/A | E46: 22 | F46: 16 | G46: 23 | H46: 14 | I46: 10 | J46: 27
A47: 46 | B47: 张域城 | C47: 1355 | D47: ==VLOOKUP(B47,[1]在校生综合信息查询!$A$294:$C$348,2,0) -> 25q710103098 | E47: 12 | F47: 32 | G47: 18.5 | H47: 16 | I47: 20 | J47: 21
A48: 47 | B48: 赵俊 | D48: ==VLOOKUP(B48,[1]在校生综合信息查询!$A$294:$C$348,2,0) -> 25q710103103 | E48: 24 | F48: 0 | G48: 20 | H48: 22 | I48: 10 | J48: 15
A49: 48 | B49: 赵宇森 | D49: ==VLOOKUP(B49,[1]在校生综合信息查询!$A$294:$C$348,2,0) -> 25q710103094 | E49: 6 | F49: 12 | G49: 12.5 | H49: 16 | I49: 18 | J49: 27
A50: 49 | B50: 郑旭轩 | D50: ==VLOOKUP(B50,[1]在校生综合信息查询!$A$294:$C$348,2,0) -> #N/A | E50: 8 | F50: 20 | G50: 17.5 | H50: 10 | I50: —— | J50: 27
A51: 50 | B51: 周海龙 | D51: ==VLOOKUP(B51,[1]在校生综合信息查询!$A$294:$C$348,2,0) -> 25q770303017 | E51: 0 | F51: 0 | G51: 0
A52: 51 | B52: 周锦森 | D52: ==VLOOKUP(B52,[1]在校生综合信息查询!$A$294:$C$348,2,0) -> 25q710103104 | E52: 57 | F52: 16 | G52: 22.5 | H52: 30 | I52: 8 | J52: 42.5
A53: 52 | B53: 周天喆 | D53: ==VLOOKUP(B53,[1]在校生综合信息查询!$A$294:$C$348,2,0) -> 25q710103084 | E53: 17 | F53: 24 | G53: 20.5 | H53: 16 | I53: 22 | J53: 24
A54: 53 | B54: 周志雄 | D54: ==VLOOKUP(B54,[1]在校生综合信息查询!$A$294:$C$348,2,0) -> 25q710103066 | E54: 14 | F54: 20 | G54: 21 | H54: 22 | I54: 21 | J54: 24.5
A55: 54 | B55: 朱思达 | D55: ==VLOOKUP(B55,[1]在校生综合信息查询!$A$294:$C$348,2,0) -> 25q710103117 | E55: 0 | F55: 24 | G55: 20 | H55: 12 | I55: 12 | J55: 21
A56: 55 | B56: 朱涛 | D56: ==VLOOKUP(B56,[1]在校生综合信息查询!$A$294:$C$348,2,0) -> 25q710103096 | E56: 58 | F56: 20 | G56: 27.5 | H56: 18 | I56: 14 | J56: 39.5

Sheet 25级电子1班
A1: 序号 | B1: 姓名 | C1: 考号 | D1: 学号 | E1: 语文 | F1: 数学 | G1: 英语 | H1: 电工技术基础与技能实训 | I1: 电子技术基础与技能实训 | J1: 单片机技术与应用 | K1: 总分 | L1: 排名
A2: 1 | B2: 白雨佳 | C2: 1949 | D2: ==VLOOKUP(B2,[1]在校生综合信息查询!$A$89:$C$156,2,0) -> 25q710103340 | E2: 0 | F2: 32 | G2: 20.5 | H2: 0 | I2: 0 | J2: 0
A3: 2 | B3: 陈君统 | C3: 1941 | D3: ==VLOOKUP(B3,[1]在校生综合信息查询!$A$89:$C$156,2,0) -> 25q710103331 | E3: 15 | F3: 20 | G3: 15 | H3: 12 | I3: 14 | J3: 33
A4: 3 | B4: 陈旭焱 | C4: 1937 | D4: ==VLOOKUP(B4,[1]在校生综合信息查询!$A$89:$C$156,2,0) -> 25q710103326 | E4: 53 | F4: 35 | G4: 24 | H4: 24 | I4: 20 | J4: 50.5
A5: 4 | B5: 陈奕宇 | C5: 1960 | D5: ==VLOOKUP(B5,[1]在校生综合信息查询!$A$89:$C$156,2,0) -> 25q770303042
A6: 5 | B6: 翟崇宇 | C6: 1974 | D6: ==VLOOKUP(B6,[1]在校生综合信息查询!$A$89:$C$156,2,0) -> #N/A
A7: 6 | B7: 丁嘉豪 | C7: 1943 | D7: ==VLOOKUP(B7,[1]在校生综合信息查询!$A$89:$C$156,2,0) -> 25q710103333 | E7: 35 | F7: 12 | G7: 19.5 | H7: 28 | I7: 12 | J7: 24
A8: 7 | B8: 房竣 | C8: 1958 | D8: ==VLOOKUP(B8,[1]在校生综合信息查询!$A$89:$C$156,2,0) -> 25q770303019 | E8: 38 | F8: 20 | G8: 18 | H8: 28 | I8: 22 | J8: 14.5
A9: 8 | B9: 冯晨 | C9: 1963 | D9: ==VLOOKUP(B9,[1]在校生综合信息查询!$A$89:$C$156,2,0) -> 25q710201250 | E9: 19 | F9: 28 | G9: 24 | H9: 14 | I9: 18 | J9: 24
A10: 9 | B10: 符玉涵 | C10: 1959 | D10: ==VLOOKUP(B10,[1]在校生综合信息查询!$A$89:$C$156,2,0) -> 25q770303012 | H10: 18 | I10: 20 | J10: 21
A11: 10 | B11: 付鑫玥 | C11: 1914 | D11: ==VLOOKUP(B11,[1]在校生综合信息查询!$A$89:$C$156,2,0) -> 25q710103299 | E11: 63 | F11: 32 | G11: 19.5 | H11: 18 | I11: 14 | J11: 27
A12: 11 | B12: 高玉涵 | C12: 1970 | D12: ==VLOOKUP(B12,[1]在校生综合信息查询!$A$89:$C$156,2,0) -> 25q710103283 | E12: 3 | F12: 20 | G12: 32 | H12: 22 | I12: 16 | J12: 15
A13: 12 | B13: 高玉轩 | C13: 1916 | D13: ==VLOOKUP(B13,[1]在校生综合信息查询!$A$89:$C$156,2,0) -> 25q710103301 | E13: 3 | F13: 8 | G13: 13 | H13: 14 | I13: 18 | J13: 27
A14: 13 | B14: 黄鸿阳 | C14: 1944 | D14: ==VLOOKUP(B14,[1]在校生综合信息查询!$A$89:$C$156,2,0) -> 25q710103334 | E14: 51 | F14: 28 | G14: 14.5 | H14: 12 | I14: 16 | J14: 36
A15: 14 | B15: 黄佳豪 | C15: 1955 | D15: ==VLOOKUP(B15,[1]在校生综合信息查询!$A$89:$C$156,2,0) -> 25q710103350 | E15: 22 | F15: 12 | G15: 19 | H15: 28 | I15: 14 | J15: 18
A16: 15 | B16: 黄思宇 | C16: 1948 | D16: ==VLOOKUP(B16,[1]在校生综合信息查询!$A$89:$C$156,2,0) -> #N/A | E16: 3 | F16: 24 | G16: 22 | H16: 0 | I16: 6 | J16: 21
A17: 16 | B17: 黄鑫叙 | C17: 1925 | D17: ==VLOOKUP(B17,[1]在校生综合信息查询!$A$89:$C$156,2,0) -> 25q710103313 | E17: 22 | F17: 24 | G17: 15 | H17: 22 | I17: 16 | J17: 30
A18: 17 | B18: 黄梓桂 | C18: 1920 | D18: ==VLOOKUP(B18,[1]在校生综合信息查询!$A$89:$C$156,2,0) -> 25q710103307 | H18: 0 | I18: 0 | J18: 0
A19: 18 | B19: 江雨帆 | C19: 1966 | D19: ==VLOOKUP(B19,[1]在校生综合信息查询!$A$89:$C$156,2,0) -> 25q710103269 | E19: 33 | F19: 32 | G19: 23 | H19: 30 | I19: 20 | J19: 44
A20: 19 | B20: 姜博译 | C20: 1905 | D20: ==VLOOKUP(B20,[1]在校生综合信息查询!$A$89:$C$156,2,0) -> 25q660103116 | E20: 13 | F20: 8 | G20: 19.5 | H20: 18 | I20: 20 | J20: 21
A21: 20 | B21: 李凡志 | C21: 1973 | D21: ==VLOOKUP(B21,[1]在校生综合信息查询!$A$89:$C$156,2,0) -> 25q710201563 | E21: 15 | F21: 24 | G21: 22.5 | H21: 18 | I21: 24 | J21: 24
A22: 21 | B22: 李豪 | C22: 1933 | D22: ==VLOOKUP(B22,[1]在校生综合信息查询!$A$89:$C$156,2,0) -> 25q710103321 | E22: 21 | F22: 16 | G22: 23 | H22: 12 | I22: 15 | J22: 16
A23: 22 | B23: 李燕 | C23: 1961 | D23: ==VLOOKUP(B23,[1]在校生综合信息查询!$A$89:$C$156,2,0) -> 25q770101002 | E23: 35 | F23: 44 | G23: 25.5 | H23: 20 | I23: 6 | J23: 43
A24: 23 | B24: 李阳 | C24: 1926 | D24: ==VLOOKUP(B24,[1]在校生综合信息查询!$A$89:$C$156,2,0) -> 25q710103314 | E24: 13 | F24: 8 | G24: 16 | H24: 18 | I24: 16 | J24: 18
A25: 24 | B25: 李宇帆 | C25: 1940 | D25: ==VLOOKUP(B25,[1]在校生综合信息查询!$A$89:$C$156,2,0) -> 25q710103330
A26: 25 | B26: 李哲轩 | C26: 1928 | D26: ==VLOOKUP(B26,[1]在校生综合信息查询!$A$89:$C$156,2,0) -> 25q710103316 | E26: 16 | F26: 16 | G26: 21 | H26: 14 | I26: 12 | J26: 9
A27: 26 | B27: 梁志灏 | C27: 1906 | D27: ==VLOOKUP(B27,[1]在校生综合信息查询!$A$89:$C$156,2,0) -> 25q660103118 | E27: 9 | F27: 12 | G27: 18 | H27: 24 | I27: 18 | J27: 12
A28: 27 | B28: 廖家瑞 | C28: 1954 | D28: ==VLOOKUP(B28,[1]在校生综合信息查询!$A$89:$C$156,2,0) -> 25q710103347 | E28: 31 | F28: 24 | G28: 16 | H28: 16 | I28: 14 | J28: 33
A29: 28 | B29: 刘函林 | C29: 1930 | D29: ==VLOOKUP(B29,[1]在校生综合信息查询!$A$89:$C$156,2,0) -> 25q710103318 | E29: 9 | F29: 16 | G29: 16 | H29: 16 | I29: 14 | J29: 30
A30: 29 | B30: 罗杨凯 | C30: 1946 | D30: ==VLOOKUP(B30,[1]在校生综合信息查询!$A$89:$C$156,2,0) -> 25q710103336
A31: 30 | B31: 彭星富 | C31: 1950 | D31: ==VLOOKUP(B31,[1]在校生综合信息查询!$A$89:$C$156,2,0) -> 25q710103341
A32: 31 | B32: 乔杰 | C32: 1935 | D32: ==VLOOKUP(B32,[1]在校生综合信息查询!$A$89:$C$156,2,0) -> 25q710103324 | E32: 6 | F32: 16 | G32: 24.5 | H32: 20 | I32: 19 | J32: 24
A33: 32 | B33: 秦瑞新 | C33: 1922 | D33: ==VLOOKUP(B33,[1]在校生综合信息查询!$A$89:$C$156,2,0) -> 25q710103310 | E33: 49 | F33: 12 | G33: 20.5 | H33: 18 | I33: 20 | J33: 21
A34: 33 | B34: 权文博 | C34: 1910 | D34: ==VLOOKUP(B34,[1]在校生综合信息查询!$A$89:$C$156,2,0) -> 25q710103295 | E34: 63 | F34: 31 | G34: 61.5 | H34: 20 | I34: 18 | J34: 37
A35: 34 | B35: 孙宇豪 | C35: 1942 | D35: ==VLOOKUP(B35,[1]在校生综合信息查询!$A$89:$C$156,2,0) -> 25q710103332 | E35: 12 | F35: 32 | G35: 22.5 | H35: 8 | J35: 24
A36: 35 | B36: 孙梓怡 | C36: 1934 | D36: ==VLOOKUP(B36,[1]在校生综合信息查询!$A$89:$C$156,2,0) -> 25q710103271 | E36: 51 | F36: 20 | G36: 18.5 | H36: 27 | I36: 16 | J36: 27
A37: 36 | B37: 汤宇洁 | C37: 1952 | D37: ==VLOOKUP(B37,[1]在校生综合信息查询!$A$89:$C$156,2,0) -> 25q710103317 | E37: 3 | F37: 8 | G37: 21.5 | H37: 0 | I37: 8 | J37: 27
A38: 37 | B38: 田珂欣 | C38: 1938 | D38: ==VLOOKUP(B38,[1]在校生综合信息查询!$A$89:$C$156,2,0) -> 25q710103280
A39: 38 | B39: 万富强 | C39: 1927 | D39: ==VLOOKUP(B39,[1]在校生综合信息查询!$A$89:$C$156,2,0) -> 25q710103300 | E39: 8 | F39: 20 | G39: 20.5 | H39: 16 | I39: 18 | J39: 18
A40: 39 | B40: 王浩 | C40: 1953 | D40: ==VLOOKUP(B40,[1]在校生综合信息查询!$A$89:$C$156,2,0) -> 25q710103319 | E40: 6 | F40: 24 | G40: 22 | H40: 12 | I40: 4 | J40: 42
A41: 40 | B41: 王瑞 | C41: 1965 | D41: ==VLOOKUP(B41,[1]在校生综合信息查询!$A$89:$C$156,2,0) -> 25q710103342 | E41: 16 | F41: 16 | G41: 23.5 | H41: 18 | I41: 22 | J41: 18
A42: 41 | B42: 王文凯 | C42: 1921 | D42: ==VLOOKUP(B42,[1]在校生综合信息查询!$A$89:$C$156,2,0) -> 25q710103349 | E42: 9 | F42: 8 | G42: 19.5 | H42: 14 | I42: 12 | J42: 33
A43: 42 | B43: 王艺 | C43: 1924 | D43: ==VLOOKUP(B43,[1]在校生综合信息查询!$A$89:$C$156,2,0) -> 25q710103320 | E43: 45 | F43: 20 | G43: 14 | H43: 20 | I43: 10 | J43: 9
A44: 43 | B44: 王宇 | C44: 1912 | D44: ==VLOOKUP(B44,[1]在校生综合信息查询!$A$89:$C$156,2,0) -> 25q710201564 | E44: 6 | F44: 12 | G44: 14 | H44: 20 | I44: 16 | J44: 18.5
A45: 44 | B45: 王语嫣 | C45: 1918 | D45: ==VLOOKUP(B45,[1]在校生综合信息查询!$A$89:$C$156,2,0) -> 25q710103323 | H45: 0 | I45: 0 | J45: 0
A46: 45 | B46: 王忠程 | C46: 1907 | D46: ==VLOOKUP(B46,[1]在校生综合信息查询!$A$89:$C$156,2,0) -> 25q710103343 | E46: 0 | F46: 24 | G46: 26.5 | H46: 10 | I46: 14 | J46: 27
A47: 46 | B47: 吴佳豪 | C47: 1923 | D47: ==VLOOKUP(B47,[1]在校生综合信息查询!$A$89:$C$156,2,0) -> 25q710103328 | H47: 0 | I47: 0 | J47: 0
A48: 47 | B48: 吴李鑫 | C48: 1917 | D48: ==VLOOKUP(B48,[1]在校生综合信息查询!$A$89:$C$156,2,0) -> 25q710103315 | E48: 0 | F48: 4 | G48: 18.5 | H48: 0 | I48: 0 | J48: 0
A49: 48 | B49: 吴沛珈 | C49: 1957 | D49: ==VLOOKUP(B49,[1]在校生综合信息查询!$A$89:$C$156,2,0) -> 25q710103344 | E49: 3 | F49: 12 | G49: 18 | H49: 14 | I49: 10 | J49: 30
A50: 49 | B50: 谢成毅 | C50: 1913 | D50: ==VLOOKUP(B50,[1]在校生综合信息查询!$A$89:$C$156,2,0) -> 25q710103262 | E50: 38 | F50: 41 | G50: 24.5 | H50: 30 | I50: 18 | J50: 37
A51: 50 | B51: 谢帅 | C51: 1956 | D51: ==VLOOKUP(B51,[1]在校生综合信息查询!$A$89:$C$156,2,0) -> 25q710103309 | E51: 7 | F51: 8 | G51: 22.5 | H51: 18 | I51: 18 | J51: 18
A52: 51 | B52: 熊涵阳 | C52: 1971 | D52: ==VLOOKUP(B52,[1]在校生综合信息查询!$A$89:$C$156,2,0) -> 25q710103312 | E52: 9 | F52: 12 | G52: 24 | H52: 24 | I52: 14 | J52: 15
A53: 52 | B53: 许巧利 | C53: 1968 | D53: ==VLOOKUP(B53,[1]在校生综合信息查询!$A$89:$C$156,2,0) -> 25q710103296 | E53: 19 | F53: 52 | G53: 16.5 | H53: 22 | I53: 12 | J53: 29
A54: 53 | B54: 杨恩成 | C54: 1945 | D54: ==VLOOKUP(B54,[1]在校生综合信息查询!$A$89:$C$156,2,0) -> 25q710103303 | E54: 10 | F54: 20 | G54: 22 | H54: 22 | I54: 26 | J54: 27
A55: 54 | B55: 杨加全 | C55: 1962 | D55: ==VLOOKUP(B55,[1]在校生综合信息查询!$A$89:$C$156,2,0) -> 25q710103298 | E55: 19 | F55: 16 | G55: 34.5 | H55: 26 | I55: 24 | J55: 27
A56: 55 | B56: 杨俊杰 | C56: 1947 | D56: ==VLOOKUP(B56,[1]在校生综合信息查询!$A$89:$C$156,2,0) -> 25q710103311 | E56: 6 | F56: 4 | G56: 21.5 | H56: 16 | I56: 24 | J56: 27
A57: 56 | B57: 杨琴 | C57: 1911 | D57: ==VLOOKUP(B57,[1]在校生综合信息查询!$A$89:$C$156,2,0) -> 25q710103302 | E57: 49 | F57: 32 | G57: 26.5 | H57: 14 | I57: 12 | J57: 38
A58: 57 | B58: 杨文凯 | C58: 1919 | D58: ==VLOOKUP(B58,[1]在校生综合信息查询!$A$89:$C$156,2,0) -> 25q770303018 | E58: 11 | F58: 8 | G58: 23.5 | H58: 14 | I58: 14 | J58: 31
A59: 58 | B59: 杨艺 | C59: 1964 | D59: ==VLOOKUP(B59,[1]在校生综合信息查询!$A$89:$C$156,2,0) -> 25q710103297 | E59: 65 | F59: 16 | G59: 21 | H59: 21 | I59: 13 | J59: 37.5
... A62: 61 | B62: 张超 | C62: 1939 | D62: ==VLOOKUP(B62,[1]在校生综合信息查询!$A$89:$C$156,2,0) -> 25q710103276 | E62: 50 | F62: 20 | G62: 15.5 | H62: 24 | I62: 18 | J62: 36
A63: 62 | B63: 张俊伟 | D63: ==VLOOKUP(B63,[1]在校生综合信息查询!$A$89:$C$156,2,0) -> 25q710103335
A64: 63 | B64: 张思雨 | D64: ==VLOOKUP(B64,[1]在校生综合信息查询!$A$89:$C$156,2,0) -> #N/A
A65: 64 | B65: 赵馨雨 | D65: ==VLOOKUP(B65,[1]在校生综合信息查询!$A$89:$C$156,2,0) -> 25q710103337 | E65: 6 | F65: 20 | G65: 19.5 | H65: 4 | I65: 22 | J65: 33
A66: 65 | B66: 郑炳耀 | D66: ==VLOOKUP(B66,[1]在校生综合信息查询!$A$89:$C$156,2,0) -> 25q710103348 | E66: 3 | F66: 24 | G66: 24 | H66: 20 | I66: 16 | J66: 15
A67: 66 | B67: 周宏伟 | D67: ==VLOOKUP(B67,[1]在校生综合信息查询!$A$89:$C$156,2,0) -> 25q710103306 | H67: 0 | I67: 0 | J67: 0
A68: 67 | B68: 朱元虎 | D68: ==VLOOKUP(B68,[1]在校生综合信息查询!$A$89:$C$156,2,0) -> 25q770303005 | E68: 3 | F68: 12 | G68: 25.5 | H68: 26 | I68: 24 | J68: 27
A69: 68 | B69: 朱梓烨 | D69: ==VLOOKUP(B69,[1]在校生综合信息查询!$A$89:$C$156,2,0) -> 25q710103325 | E69: 56 | F69: 16 | G69: 18 | H69: 18 | I69: 12 | J69: 22
A70: 69 | B70: 祝健平 | D70: ==VLOOKUP(B70,[1]在校生综合信息查询!$A$89:$C$156,2,0) -> 25q710103305 | E70: 26 | F70: 16 | G70: 7 | H70: 22 | I70: 16 | J70: 15
A71: 70 | B71: 祝汶琦 | D71: ==VLOOKUP(B71,[1]在校生综合信息查询!$A$89:$C$156,2,0) -> 25q710103329 | H71: 0 | I71: 0 | J71: 0

Sheet 25级电子2班
A1: 序号 | B1: 姓名 | C1: 考号 | D1: 学号 | E1: 语文 | F1: 数学 | G1: 英语 | H1: 电工技术基础与技能实训 | I1: 电子技术基础与技能实训 | J1: 单片机技术与应用 | K1: 总分 | L1: 排名
A2: 1 | B2: 车定远 | C2: 1269 | D2: ==VLOOKUP(B2,[1]在校生综合信息查询!$A$157:$C$222,2,0) -> 25q710103175 | E2: 6 | F2: 0 | G2: 18.5 | H2: 0 | I2: 0 | J2: 0 | K2: ==SUM(E2:J2) -> 24.5 | L2: ==RANK(K2,$K$2:K$66) -> 51
A3: 2 | B3: 陈楚元 | C3: 1277 | D3: ==VLOOKUP(B3,[1]在校生综合信息查询!$A$157:$C$222,2,0) -> 25q710103189 | E3: 0 | F3: 0 | G3: 24 | H3: 14 | I3: 12 | J3: 18 | K3: ==SUM(E3:J3) -> 68 | L3: ==RANK(K3,$K$2:K$66) -> 49
A4: 3 | B4: 陈嘉兴 | C4: 1276 | D4: ==VLOOKUP(B4,[1]在校生综合信息查询!$A$157:$C$222,2,0) -> 25q710103188 | E4: 0 | F4: 0 | G4: 0 | H4: 0 | I4: 0 | J4: 0 | K4: ==SUM(E4:J4) -> 0 | L4: ==RANK(K4,$K$2:K$66) -> 56
A5: 4 | B5: 陈思雨 | C5: 1284 | D5: ==VLOOKUP(B5,[1]在校生综合信息查询!$A$157:$C$222,2,0) -> 25q710103197 | E5: 16 | F5: 16 | G5: 22 | H5: 0 | I5: 20 | J5: 37 | K5: ==SUM(E5:J5) -> 111 | L5: ==RANK(K5,$K$2:K$66) -> 26
A6: 5 | B6: 陈烨霖 | C6: 1310 | D6: ==VLOOKUP(B6,[1]在校生综合信息查询!$A$157:$C$222,2,0) -> 25q710103290 | E6: 57 | F6: 12 | G6: 0 | H6: 0 | I6: 0 | J6: 0 | K6: ==SUM(E6:J6) -> 69 | L6: ==RANK(K6,$K$2:K$66) -> 48
A7: 6 | B7: 成俊豪 | C7: 1303 | D7: ==VLOOKUP(B7,[1]在校生综合信息查询!$A$157:$C$222,2,0) -> 25q710103185 | E7: 0 | F7: 0 | G7: 15.5 | H7: 0 | I7: 0 | J7: 0 | K7: ==SUM(E7:J7) -> 15.5 | L7: ==RANK(K7,$K$2:K$66) -> 53
A8: 7 | B8: 程思静 | C8: 1319 | D8: ==VLOOKUP(B8,[1]在校生综合信息查询!$A$157:$C$222,2,0) -> 25q710103281 | E8: 47 | F8: 37 | G8: 14.5 | H8: 34 | I8: 16 | J8: 29 | K8: ==SUM(E8:J8) -> 177.5 | L8: ==RANK(K8,$K$2:K$66) -> 7
A9: 8 | B9: 邓毅文 | C9: 1321 | D9: ==VLOOKUP(B9,[1]在校生综合信息查询!$A$157:$C$222,2,0) -> #N/A | E9: 3 | F9: 29 | G9: 21.5 | H9: 20 | I9: 18 | J9: 21 | K9: ==SUM(E9:J9) -> 112.5 | L9: ==RANK(K9,$K$2:K$66) -> 25
A10: 9 | B10: 底浩东 | C10: 1264 | D10: ==VLOOKUP(B10,[1]在校生综合信息查询!$A$157:$C$222,2,0) -> 25q710103170 | E10: 0 | F10: 0 | G10: 0 | H10: 0 | I10: 0 | J10: 0 | K10: ==SUM(E10:J10) -> 0 | L10: ==RANK(K10,$K$2:K$66) -> 56
A11: 10 | B11: 丁雨鑫 | C11: 1294 | D11: ==VLOOKUP(B11,[1]在校生综合信息查询!$A$157:$C$222,2,0) -> 25q710103211 | E11: 0 | F11: 0 | G11: 0 | H11: 0 | I11: 0 | J11: 0 | K11: ==SUM(E11:J11) -> 0 | L11: ==RANK(K11,$K$2:K$66) -> 56
A12: 11 | B12: 董济江 | C12: 1262 | D12: ==VLOOKUP(B12,[1]在校生综合信息查询!$A$157:$C$222,2,0) -> 25q710103168 | E12: 17 | F12: 20 | G12: 17 | H12: 18 | I12: 16 | J12: 43 | K12: ==SUM(E12:J12) -> 131 | L12: ==RANK(K12,$K$2:K$66) -> 19
A13: 12 | B13: 冯俊弛 | C13: 1271 | D13: ==VLOOKUP(B13,[1]在校生综合信息查询!$A$157:$C$222,2,0) -> 25q710103180 | E13: 6 | F13: 20 | G13: 18 | H13: 16 | I13: 16 | J13: 33 | K13: ==SUM(E13:J13) -> 109 | L13: ==RANK(K13,$K$2:K$66) -> 28
... A57: 56 | B57: 杨明博 | C57: 1306 | D57: ==VLOOKUP(B57,[1]在校生综合信息查询!$A$157:$C$222,2,0) -> 25q710103204 | E57: 12 | F57: 20 | G57: 9.5 | H57: 22 | I57: 16 | J57: 27 | K57: ==SUM(E57:J57) -> 106.5 | L57: ==RANK(K57,$K$2:K$66) -> 30
A58: 57 | B58: 杨宇涵 | D58: ==VLOOKUP(B58,[1]在校生综合信息查询!$A$157:$C$222,2,0) -> 25q710103174 | E58: 23 | F58: 24 | G58: 15.5 | H58: 30 | I58: 18 | J58: 22 | K58: ==SUM(E58:J58) -> 132.5 | L58: ==RANK(K58,$K$2:K$66) -> 17
A59: 58 | B59: 喻方虹 | D59: ==VLOOKUP(B59,[1]在校生综合信息查询!$A$157:$C$222,2,0) -> 25q710103263 | E59: 8 | F59: 28 | G59: 26.5 | H59: 22 | I59: 4 | J59: 28 | K59: ==SUM(E59:J59) -> 116.5 | L59: ==RANK(K59,$K$2:K$66) -> 23
A60: 59 | B60: 张建豪 | D60: ==VLOOKUP(B60,[1]在校生综合信息查询!$A$157:$C$222,2,0) -> 25q710103186 | E60: 0 | F60: 0 | G60: 21.5 | H60: 22 | I60: 12 | J60: 12 | K60: ==SUM(E60:J60) -> 67.5 | L60: ==RANK(K60,$K$2:K$66) -> 50
A61: 60 | B61: 章美玲 | D61: ==VLOOKUP(B61,[1]在校生综合信息查询!$A$157:$C$222,2,0) -> 25q710201157 | E61: 63 | F61: 12 | G61: 17 | H61: 16 | I61: 18 | J61: 21 | K61: ==SUM(E61:J61) -> 147 | L61: ==RANK(K61,$K$2:K$66) -> 14
A62: 61 | B62: 赵乐帆 | D62: ==VLOOKUP(B62,[1]在校生综合信息查询!$A$157:$C$222,2,0) -> 25q710103160 | E62: 43 | F62: 86 | G62: 17 | H62: 42 | I62: 31 | J62: 28 | K62: ==SUM(E62:J62) -> 247 | L62: ==RANK(K62,$K$2:K$66) -> 2
A63: 62 | B63: 赵文涛 | D63: ==VLOOKUP(B63,[1]在校生综合信息查询!$A$157:$C$222,2,0) -> 25q710103184 | E63: 36 | F63: 12 | G63: 19.5 | H63: 26 | I63: 10 | J63: 29 | K63: ==SUM(E63:J63) -> 132.5 | L63: ==RANK(K63,$K$2:K$66) -> 17
A64: 63 | B64: 周士杰 | D64: ==VLOOKUP(B64,[1]在校生综合信息查询!$A$157:$C$222,2,0) -> 25q660103084 | E64: 6 | F64: 17 | G64: 17 | H64: 14 | I64: 12 | J64: 15 | K64: ==SUM(E64:J64) -> 81 | L64: ==RANK(K64,$K$2:K$66) -> 42
A65: 64 | B65: 朱开洪 | D65: ==VLOOKUP(B65,[1]在校生综合信息查询!$A$157:$C$222,2,0) -> 25q710103203 | E65: 15 | F65: 16 | G65: 27.5 | H65: 26 | I65: 14 | J65: 18 | K65: ==SUM(E65:J65) -> 116.5 | L65: ==RANK(K65,$K$2:K$66) -> 23
A66: 65 | B66: 朱天祺 | D66: ==VLOOKUP(B66,[1]在校生综合信息查询!$A$157:$C$222,2,0) -> 25q710103353 | E66: 12 | F66: 12 | G66: 15 | H66: 14 | I66: 20 | J66: 15 | K66: ==SUM(E66:J66) -> 88 | L66: ==RANK(K66,$K$2:K$66) -> 40

Sheet 25级电子3班
A1: 序号 | B1: 姓名 | C1: 考号 | D1: 学号 | E1: 语文 | F1: 数学 | G1: 英语 | H1: 电工技术基础与技能实训 | I1: 电子技术基础与技能实训 | J1: 单片机技术与应用 | K1: 总分 | L1: 排名
A2: 1 | B2: 蔡嘉浩 | C2: 1635 | D2: ==VLOOKUP(B2,[1]在校生综合信息查询!$A$223:$C$293,2,0) -> 25q710103011 | E2: 8 | F2: 16 | G2: 20.5 | H2: 10 | I2: 16 | J2: 18
A3: 2 | B3: 曹予涵 | C3: 1648 | D3: ==VLOOKUP(B3,[1]在校生综合信息查询!$A$223:$C$293,2,0) -> 25q710103024 | E3: 12 | F3: 12 | G3: 17 | H3: 4 | I3: 6 | J3: 12
A4: 3 | B4: 曾海涛 | C4: 1667 | D4: ==VLOOKUP(B4,[1]在校生综合信息查询!$A$223:$C$293,2,0) -> 25q710103045 | E4: 18 | F4: 12 | G4: 22 | H4: 24 | I4: 14 | J4: 12
A5: 4 | B5: 车羽馨 | C5: 1684 | D5: ==VLOOKUP(B5,[1]在校生综合信息查询!$A$223:$C$293,2,0) -> 25q710103063 | E5: 1 | F5: 16 | G5: 18 | H5: 12 | I5: 18 | J5: 12
A6: 5 | B6: 陈玖霖 | C6: 1655 | D6: ==VLOOKUP(B6,[1]在校生综合信息查询!$A$223:$C$293,2,0) -> 25q710103031 | E6: 11 | F6: 24 | G6: 20 | H6: 12 | I6: 16 | J6: 21
A7: 6 | B7: 陈禹涵 | C7: 1636 | D7: ==VLOOKUP(B7,[1]在校生综合信息查询!$A$223:$C$293,2,0) -> 25q710103012 | E7: 0 | F7: 0 | G7: 0 | H7: 0 | I7: 0 | J7: 0
A8: 7 | B8: 丁宇霖 | C8: 1662 | D8: ==VLOOKUP(B8,[1]在校生综合信息查询!$A$223:$C$293,2,0) -> 25q710103040 | E8: 0 | F8: 16 | G8: 9.5 | H8: 22 | I8: 18 | J8: 21
A9: 8 | B9: 费正源 | C9: 1642 | D9: ==VLOOKUP(B9,[1]在校生综合信息查询!$A$223:$C$293,2,0) -> 25q710103018 | E9: 0 | F9: 0 | G9: 8.5 | H9: 12 | I9: 14 | J9: 33
A10: 9 | B10: 冯珺菲 | C10: 1634 | D10: ==VLOOKUP(B10,[1]在校生综合信息查询!$A$223:$C$293,2,0) -> 25q710103010 | E10: 31 | F10: 32 | G10: 18 | H10: 20 | I10: 10 | J10: 24
A11: 10 | B11: 冯岚 | C11: 1673 | D11: ==VLOOKUP(B11,[1]在校生综合信息查询!$A$223:$C$293,2,0) -> 25q710103052 | E11: 24 | F11: 8 | G11: 21.5 | H11: 18 | I11: 14 | J11: 24
A12: 11 | B12: 付雅兴 | C12: 1678 | D12: ==VLOOKUP(B12,[1]在校生综合信息查询!$A$223:$C$293,2,0) -> 25q710103057 | E12: 9 | F12: 12 | G12: 15.5 | H12: 22 | I12: 20 | J12: 21
A13: 12 | B13: 干舒雅 | C13: 1685 | D13: ==VLOOKUP(B13,[1]在校生综合信息查询!$A$223:$C$293,2,0) -> 25q710103064 | E13: 92 | F13: 36 | G13: 55.5 | H13: 22 | I13: 25 | J13: 33
... A18: 17 | B18: 黄楚云 | C18: 1672 | D18: ==VLOOKUP(B18,[1]在校生综合信息查询!$A$223:$C$293,2,0) -> 25q710103051 | E18: 0 | F18: 0 | G18: 0 | H18: 0 | I18: 0 | J18: 0
A19: 18 | B19: 黄雨婷 | C19: 1677 | D19: ==VLOOKUP(B19,[1]在校生综合信息查询!$A$223:$C$293,2,0) -> 25q710103056 | E19: 0 | F19: 0 | G19: 0
A20: 19 | B20: 蒋瑞杰 | C20: 1688 | D20: ==VLOOKUP(B20,[1]在校生综合信息查询!$A$223:$C$293,2,0) -> 25q710103352 | E20: 0 | F20: 8 | G20: 21 | H20: 12 | I20: 8 | J20: 21
A21: 20 | B21: 雷胡睿 | C21: 1628 | D21: ==VLOOKUP(B21,[1]在校生综合信息查询!$A$223:$C$293,2,0) -> 25q710103003 | E21: 26 | F21: 24 | G21: 16 | H21: 12 | I21: 10 | J21: 9
A22: 21 | B22: 李傲 | C22: 1660 | D22: ==VLOOKUP(B22,[1]在校生综合信息查询!$A$223:$C$293,2,0) -> 25q710103037 | E22: 18 | F22: 0 | G22: 24 | H22: 14 | I22: 14 | J22: 0
A23: 22 | B23: 李斌 | C23: 1654 | D23: ==VLOOKUP(B23,[1]在校生综合信息查询!$A$223:$C$293,2,0) -> 25q710103030 | E23: 13 | F23: 0 | G23: 0 | H23: 0 | I23: 0 | J23: 0
A24: 23 | B24: 李成涛 | C24: 1666 | D24: ==VLOOKUP(B24,[1]在校生综合信息查询!$A$223:$C$293,2,0) -> 25q710103044 | E24: 15 | F24: 12 | G24: 36.5 | H24: 12 | I24: 14 | J24: 28
A25: 24 | B25: 李峻熙 | C25: 1637 | D25: ==VLOOKUP(B25,[1]在校生综合信息查询!$A$223:$C$293,2,0) -> 25q710103013 | E25: 14 | F25: 0 | G25: 0 | H25: 14 | I25: 4 | J25: 12
A26: 25 | B26: 李添贵 | C26: 1695 | D26: ==VLOOKUP(B26,[1]在校生综合信息查询!$A$223:$C$293,2,0) -> 25q710201155 | E26: 0 | F26: 0 | G26: 0
A27: 26 | B27: 李威 | C27: 1630 | D27: ==VLOOKUP(B27,[1]在校生综合信息查询!$A$223:$C$293,2,0) -> 25q710103005 | E27: 0 | F27: 0 | G27: 0 | H27: 0 | I27: 0 | J27: 0
A28: 27 | B28: 李星宇 | C28: 1640 | D28: ==VLOOKUP(B28,[1]在校生综合信息查询!$A$223:$C$293,2,0) -> 25q710103016 | E28: 18 | F28: 12 | G28: 18 | H28: 14 | I28: 10 | J28: 20
A29: 28 | B29: 李梓源 | C29: 1625 | D29: ==VLOOKUP(B29,[1]在校生综合信息查询!$A$223:$C$293,2,0) -> 25q710103354 | E29: 0 | F29: 0 | G29: 0 | H29: 0 | I29: 0 | J29: 0
A30: 29 | B30: 刘崎序 | C30: 1658 | D30: ==VLOOKUP(B30,[1]在校生综合信息查询!$A$223:$C$293,2,0) -> 25q710103034 | E30: 44 | F30: 12 | G30: 17.5 | H30: 24 | I30: 24 | J30: 21
A31: 30 | B31: 刘洋 | C31: 1652 | D31: ==VLOOKUP(B31,[1]在校生综合信息查询!$A$223:$C$293,2,0) -> 25q710103028 | E31: 3 | F31: 16 | G31: 17 | H31: 24 | I31: 14 | J31: 24
A32: 31 | B32: 刘耀午 | C32: 1643 | D32: ==VLOOKUP(B32,[1]在校生综合信息查询!$A$223:$C$293,2,0) -> 25q710103019 | E32: 6 | F32: 16 | G32: 18 | H32: 18 | I32: 10 | J32: 21
A33: 32 | B33: 刘永泽 | C33: 1647 | D33: ==VLOOKUP(B33,[1]在校生综合信息查询!$A$223:$C$293,2,0) -> 25q710103023 | E33: 23 | F33: 36 | G33: 33 | H33: 10 | I33: 12 | J33: 33
A34: 33 | B34: 刘梓岚 | C34: 1694 | D34: ==VLOOKUP(B34,[1]在校生综合信息查询!$A$223:$C$293,2,0) -> 25q710103357 | E34: 0 | F34: 8 | G34: 26 | H34: 24 | I34: 0 | J34: 18
A35: 34 | B35: 卢俊林 | C35: 1644 | D35: ==VLOOKUP(B35,[1]在校生综合信息查询!$A$223:$C$293,2,0) -> 25q710103020 | E35: 24 | F35: 12 | G35: 20 | H35: 22 | I35: 16 | J35: 15
A36: 35 | B36: 罗怀豫 | C36: 1675 | D36: ==VLOOKUP(B36,[1]在校生综合信息查询!$A$223:$C$293,2,0) -> 25q710103007 | E36: 13 | F36: 8 | G36: 17 | H36: 16 | I36: 20 | J36: 24
A37: 36 | B37: 毛守毅 | C37: 1682 | D37: ==VLOOKUP(B37,[1]在校生综合信息查询!$A$223:$C$293,2,0) -> 25q710103043 | E37: 9 | F37: 24 | G37: 0 | H37: 0 | I37: 0 | J37: 0
A38: 37 | B38: 毛永顺 | C38: 1668 | D38: ==VLOOKUP(B38,[1]在校生综合信息查询!$A$223:$C$293,2,0) -> 25q710103014 | E38: 24 | F38: 20 | G38: 22 | H38: 24 | I38: 10 | J38: 18
A39: 38 | B39: 牟燕 | C39: 1686 | D39: ==VLOOKUP(B39,[1]在校生综合信息查询!$A$223:$C$293,2,0) -> 25q710103055 | E39: 23 | F39: 28 | G39: 16.5 | H39: 28 | I39: 10 | J39: 12
A40: 39 | B40: 欧阳 | C40: 1627 | D40: ==VLOOKUP(B40,[1]在校生综合信息查询!$A$223:$C$293,2,0) -> 25q710103042 | E40: 0 | F40: 0 | G40: 0
A41: 40 | B41: 彭雨怡 | C41: 1641 | D41: ==VLOOKUP(B41,[1]在校生综合信息查询!$A$223:$C$293,2,0) -> #N/A | E41: 0 | F41: 0 | G41: 0
A42: 41 | B42: 祁健文 | C42: 1646 | D42: ==VLOOKUP(B42,[1]在校生综合信息查询!$A$223:$C$293,2,0) -> 25q710103036 | E42: 0 | F42: 0 | G42: 0
A43: 42 | B43: 邱含宇 | C43: 1689 | D43: ==VLOOKUP(B43,[1]在校生综合信息查询!$A$223:$C$293,2,0) -> 25q710103015 | E43: 0 | F43: 0 | G43: 0 | H43: 0 | I43: 0 | J43: 0
A44: 43 | B44: 任雅坤 | C44: 1692 | D44: ==VLOOKUP(B44,[1]在校生综合信息查询!$A$223:$C$293,2,0) -> 25q710103026 | E44: 6 | F44: 0 | G44: 18.5 | H44: 16 | I44: 16 | J44: 15
A45: 44 | B45: 宋晨希 | C45: 1679 | D45: ==VLOOKUP(B45,[1]在校生综合信息查询!$A$223:$C$293,2,0) -> 25q710103054 | E45: 12 | F45: 8 | G45: 21 | H45: 16 | I45: 10 | J45: 21
A46: 45 | B46: 汪盼 | C46: 1680 | D46: ==VLOOKUP(B46,[1]在校生综合信息查询!$A$223:$C$293,2,0) -> 25q710103061 | E46: 9 | F46: 12 | G46: 21 | H46: 14 | I46: 12 | J46: 24
A47: 46 | B47: 王浩轩 | C47: 1669 | D47: ==VLOOKUP(B47,[1]在校生综合信息查询!$A$223:$C$293,2,0) -> 25q710103046 | E47: 12 | F47: 8 | G47: 8 | H47: 18 | I47: 10 | J47: 24
A48: 47 | B48: 王浩艺 | C48: 1633 | D48: ==VLOOKUP(B48,[1]在校生综合信息查询!$A$223:$C$293,2,0) -> 25q710103065 | E48: 9 | F48: 0 | G48: 0 | J48: 9
A49: 48 | B49: 王淏林 | C49: 1663 | D49: ==VLOOKUP(B49,[1]在校生综合信息查询!$A$223:$C$293,2,0) -> 25q710103002 | E49: 60 | F49: 24 | G49: 26.5 | H49: 18 | I49: 20 | J49: 40
A50: 49 | B50: 王家亮 | C50: 1657 | D50: ==VLOOKUP(B50,[1]在校生综合信息查询!$A$223:$C$293,2,0) -> 25q710103017 | E50: 40 | F50: 12 | G50: 27.5 | H50: 16 | I50: 14 | J50: 38
A51: 50 | B51: 王璟陶 | C51: 1651 | D51: ==VLOOKUP(B51,[1]在校生综合信息查询!$A$223:$C$293,2,0) -> 25q710103022 | E51: 49 | F51: 90 | G51: 51.5 | H51: 36 | I51: 18 | J51: 42
A52: 51 | B52: 王诗云 | C52: 1693 | D52: ==VLOOKUP(B52,[1]在校生综合信息查询!$A$223:$C$293,2,0) -> 25q710103008 | E52: 9 | F52: 8 | G52: 21 | H52: 12 | I52: 12 | J52: 9
A53: 52 | B53: 王伟霖 | C53: 1645 | D53: ==VLOOKUP(B53,[1]在校生综合信息查询!$A$223:$C$293,2,0) -> 25q710103049 | E53: 21 | F53: 36 | G53: 16.5 | H53: 16 | I53: 6 | J53: 21
A54: 53 | B54: 王馨蕊 | C54: 1671 | D54: ==VLOOKUP(B54,[1]在校生综合信息查询!$A$223:$C$293,2,0) -> 25q710103058 | E54: 23 | F54: 28 | G54: 20.5 | H54: 18 | I54: 18 | J54: 30
A55: 54 | B55: 王钰娇 | C55: 1631 | D55: ==VLOOKUP(B55,[1]在校生综合信息查询!$A$223:$C$293,2,0) -> 25q710103059 | E55: 24 | F55: 16 | G55: 25.5 | H55: 22 | I55: 18 | J55: 18
A56: 55 | B56: 伍泓欣 | C56: 1683 | D56: ==VLOOKUP(B56,[1]在校生综合信息查询!$A$223:$C$293,2,0) -> 25q710103047 | E56: 0 | F56: 32 | G56: 22 | H56: 12 | I56: 12 | J56: 18
A57: 56 | B57: 杨可涵 | C57: 1670 | D57: ==VLOOKUP(B57,[1]在校生综合信息查询!$A$223:$C$293,2,0) -> 25q710103009 | E57: 51 | F57: 20 | G57: 20 | H57: 12 | I57: 8 | J57: 32
A58: 57 | B58: 杨天玉 | C58: 1629 | D58: ==VLOOKUP(B58,[1]在校生综合信息查询!$A$223:$C$293,2,0) -> 25q710103041 | E58: 12 | F58: 12 | G58: 15.5 | H58: 0 | I58: 0 | J58: 0
A59: 58 | B59: 杨毅 | C59: 1681 | D59: ==VLOOKUP(B59,[1]在校生综合信息查询!$A$223:$C$293,2,0) -> 25q710103033 | E59: 0 | F59: 0 | G59: 0 | H59: 0 | I59: 0 | J59: 0
A60: 59 | B60: 叶艺润 | C60: 1653 | D60: ==VLOOKUP(B60,[1]在校生综合信息查询!$A$223:$C$293,2,0) -> 25q710103027 | E60: 9 | F60: 16 | G60: 16 | H60: 12 | I60: 10 | J60: 30
A61: 60 | B61: 叶云箫 | C61: 1687 | D61: ==VLOOKUP(B61,[1]在校生综合信息查询!$A$223:$C$293,2,0) -> 25q770101021 | E61: 0 | F61: 0 | G61: 0
A62: 61 | B62: 余浩明 | C62: 1656 | D62: ==VLOOKUP(B62,[1]在校生综合信息查询!$A$223:$C$293,2,0) -> 25q710103021 | E62: 0 | F62: 0 | G62: 0 | H62: 0 | I62: 0 | J62: 0
A63: 62 | B63: 余前毅 | C63: 1626 | D63: ==VLOOKUP(B63,[1]在校生综合信息查询!$A$223:$C$293,2,0) -> 25q710103050 | E63: 9 | F63: 20 | G63: 19 | H63: 14 | I63: 14 | J63: 15
A64: 63 | B64: 张涵松 | C64: 1649 | D64: ==VLOOKUP(B64,[1]在校生综合信息查询!$A$223:$C$293,2,0) -> 25q710103006 | E64: 3 | F64: 8 | G64: 24 | H64: 18 | I64: 14 | J64: 24
A65: 64 | B65: 张译心 | D65: ==VLOOKUP(B65,[1]在校生综合信息查询!$A$223:$C$293,2,0) -> 25q710103062 | E65: 17 | F65: 24 | G65: 19.5 | H65: 16 | I65: 18 | J65: 21
A66: 65 | B66: 章梦溪 | D66: ==VLOOKUP(B66,[1]在校生综合信息查询!$A$223:$C$293,2,0) -> 25q710103048 | E66: 10 | F66: 8 | G66: 24.5 | H66: 16 | I66: 12 | J66: 24
A67: 66 | B67: 赵鹏 | D67: ==VLOOKUP(B67,[1]在校生综合信息查询!$A$223:$C$293,2,0) -> 25q710103004 | E67: 9 | F67: 12 | G67: 23 | H67: 20 | I67: 20 | J67: 27
A68: 67 | B68: 郑戴梦 | D68: ==VLOOKUP(B68,[1]在校生综合信息查询!$A$223:$C$293,2,0) -> 25q710103060 | E68: 38 | F68: 24 | G68: 27.5 | H68: 16 | I68: 10 | J68: 27
A69: 68 | B69: 郑熊波 | D69: ==VLOOKUP(B69,[1]在校生综合信息查询!$A$223:$C$293,2,0) -> 25q710103029 | E69: 9 | F69: 16 | G69: 11.5 | H69: 20 | I69: 14 | J69: 27
A70: 69 | B70: 郑雅瑄 | D70: ==VLOOKUP(B70,[1]在校生综合信息查询!$A$223:$C$293,2,0) -> 25q710103351 | E70: 0 | F70: 0 | G70: 0
A71: 70 | B71: 周俊杰 | D71: ==VLOOKUP(B71,[1]在校生综合信息查询!$A$223:$C$293,2,0) -> 25q710103032 | E71: 0 | F71: 0 | G71: 0 | H71: 0 | I71: 0 | J71: 0
A72: 71 | B72: 周磊 | D72: ==VLOOKUP(B72,[1]在校生综合信息查询!$A$223:$C$293,2,0) -> 25q710103001 | E72: 0 | F72: 0 | G72: 0 | H72: 0 | I72: 0 | J72: 0
A73: 72 | B73: 周宇航 | D73: ==VLOOKUP(B73,[1]在校生综合信息查询!$A$223:$C$293,2,0) -> 25q710103025 | E73: 12 | F73: 20 | G73: 13.5 | H73: 12 | I73: 22 | J73: 18

Sheet 25级电子本方班
A1: 序号 | B1: 姓名 | C1: 考号 | D1: 学号 | E1: 语文 | F1: 数学 | G1: 英语 | H1: 电工技术基础与技能实训 | I1: 电子技术基础与技能实训 | J1: 总分 | K1: 排名
A2: 1 | B2: 白懿轩 | C2: 1873 | D2: ==VLOOKUP(B2,[1]在校生综合信息查询!$A$349:$C$404,2,0) -> 25q710103254 | E2: 74 | F2: 100 | G2: 33 | H2: 48 | I2: 42 | J2: ==E2+F2+G2+H2+I2 -> 297
A3: 2 | B3: 曹清华 | C3: 1879 | D3: ==VLOOKUP(B3,[1]在校生综合信息查询!$A$349:$C$404,2,0) -> 25q710103264 | E3: 63 | F3: 67 | G3: 48.5 | H3: 53 | I3: 56 | J3: ==E3+F3+G3+H3+I3 -> 287.5
A4: 3 | B4: 曹思婷 | C4: 1860 | D4: ==VLOOKUP(B4,[1]在校生综合信息查询!$A$349:$C$404,2,0) -> 25q710103237 | E4: 56 | F4: 20 | G4: 59.5 | H4: 27 | I4: 60 | J4: ==E4+F4+G4+H4+I4 -> 222.5
A5: 4 | B5: 曾宇森 | C5: 1888 | D5: ==VLOOKUP(B5,[1]在校生综合信息查询!$A$349:$C$404,2,0) -> 25q710103286 | E5: 79 | F5: 48 | G5: 19 | H5: 43 | I5: 52 | J5: ==E5+F5+G5+H5+I5 -> 241
A6: 5 | B6: 陈思雨 | C6: 1849 | D6: ==VLOOKUP(B6,[1]在校生综合信息查询!$A$349:$C$404,2,0) -> 25q710103224 | E6: 78 | F6: 69 | G6: 35 | H6: 32 | I6: 26 | J6: ==E6+F6+G6+H6+I6 -> 240
A7: 6 | B7: 陈祉函 | C7: 1857 | D7: ==VLOOKUP(B7,[1]在校生综合信息查询!$A$349:$C$404,2,0) -> 25q710103234 | E7: 75 | F7: 84 | G7: 25 | H7: 56 | I7: 42 | J7: ==E7+F7+G7+H7+I7 -> 282
A8: 7 | B8: 邓宋宏 | C8: 1880 | D8: ==VLOOKUP(B8,[1]在校生综合信息查询!$A$349:$C$404,2,0) -> 25q710103265 | E8: 73 | F8: 16 | G8: 47 | H8: 34 | I8: 24 | J8: ==E8+F8+G8+H8+I8 -> 194
A9: 8 | B9: 董洁 | C9: 1894 | D9: ==VLOOKUP(B9,[1]在校生综合信息查询!$A$349:$C$404,2,0) -> 25q710103266 | E9: 67 | F9: 32 | G9: 33 | H9: 22 | I9: 30 | J9: ==E9+F9+G9+H9+I9 -> 184
A10: 9 | B10: 樊宇杰 | C10: 1875 | D10: ==VLOOKUP(B10,[1]在校生综合信息查询!$A$349:$C$404,2,0) -> 25q710103256 | E10: 91 | F10: 108 | G10: 80.5 | H10: 58 | I10: 87 | J10: ==E10+F10+G10+H10+I10 -> 424.5
A11: 10 | B11: 冯俊棚 | C11: 1863 | D11: ==VLOOKUP(B11,[1]在校生综合信息查询!$A$349:$C$404,2,0) -> 25q710103240 | E11: 57 | F11: 115 | G11: 39 | H11: 62 | I11: 28 | J11: ==E11+F11+G11+H11+I11 -> 301
A12: 11 | B12: 冯裕翔 | C12: 1867 | D12: ==VLOOKUP(B12,[1]在校生综合信息查询!$A$349:$C$404,2,0) -> 25q710103246 | E12: 56 | F12: 69 | G12: 49 | H12: 30 | I12: 27 | J12: ==E12+F12+G12+H12+I12 -> 231
A13: 12 | B13: 付婷钰 | C13: 1859 | D13: ==VLOOKUP(B13,[1]在校生综合信息查询!$A$349:$C$404,2,0) -> 25q710103236 | E13: 89 | F13: 63 | G13: 39.5 | H13: 33 | I13: 32 | J13: ==E13+F13+G13+H13+I13 -> 256.5
... A15: 14 | B15: 胡宇婕 | C15: 1881 | D15: ==VLOOKUP(B15,[1]在校生综合信息查询!$A$349:$C$404,2,0) -> 25q710103268 | E15: 50 | F15: 16 | G15: 33.5 | H15: 29 | I15: 20 | J15: ==E15+F15+G15+H15+I15 -> 148.5
A16: 15 | B16: 黄萁菲 | C16: 1904 | D16: ==VLOOKUP(B16,[1]在校生综合信息查询!$A$349:$C$404,2,0) -> #N/A | E16: 74 | F16: 84 | G16: 50.5 | H16: 28 | J16: ==E16+F16+G16+H16+I16 -> 236.5
A17: 16 | B17: 黄琪胜 | C17: 1877 | D17: ==VLOOKUP(B17,[1]在校生综合信息查询!$A$349:$C$404,2,0) -> 25q710103260 | E17: 80 | F17: 62 | G17: 35 | H17: 32 | I17: 18 | J17: ==E17+F17+G17+H17+I17 -> 227
A18: 17 | B18: 黄鑫宇 | C18: 1902 | D18: ==VLOOKUP(B18,[1]在校生综合信息查询!$A$349:$C$404,2,0) -> 25q710201565 | E18: 86 | F18: 130 | G18: 62 | H18: 38 | I18: 68 | J18: ==E18+F18+G18+H18+I18 -> 384
A19: 18 | B19: 黄岩彬 | C19: 1850 | D19: ==VLOOKUP(B19,[1]在校生综合信息查询!$A$349:$C$404,2,0) -> 25q710103225 | E19: 96 | F19: 128 | G19: 39.5 | H19: 37 | I19: 47 | J19: ==E19+F19+G19+H19+I19 -> 347.5
A20: 19 | B20: 黄毅 | C20: 1899 | D20: ==VLOOKUP(B20,[1]在校生综合信息查询!$A$349:$C$404,2,0) -> 25q710201556 | E20: 89 | F20: 34 | G20: 46 | H20: 18 | I20: 16 | J20: ==E20+F20+G20+H20+I20 -> 203
A21: 20 | B21: 黄钰锴 | C21: 1896 | D21: ==VLOOKUP(B21,[1]在校生综合信息查询!$A$349:$C$404,2,0) -> 25q710103143 | E21: 59 | F21: 123 | G21: 25.5 | H21: 63 | I21: 60 | J21: ==E21+F21+G21+H21+I21 -> 330.5
A22: 21 | B22: 姜宇晨 | C22: 1874 | D22: ==VLOOKUP(B22,[1]在校生综合信息查询!$A$349:$C$404,2,0) -> 25q710103255 | E22: 70 | F22: 51 | G22: 38.5 | H22: 32 | I22: 28 | J22: ==E22+F22+G22+H22+I22 -> 219.5
A23: 22 | B23: 兰天宇 | C23: 1893 | D23: ==VLOOKUP(B23,[1]在校生综合信息查询!$A$349:$C$404,2,0) -> 25q710103259 | E23: 74 | F23: 39 | G23: 64 | H23: 27 | I23: 26 | J23: ==E23+F23+G23+H23+I23 -> 230
A24: 23 | B24: 李慧 | C24: 1869 | D24: ==VLOOKUP(B24,[1]在校生综合信息查询!$A$349:$C$404,2,0) -> 25q710103250 | E24: 67 | F24: 58 | G24: 48 | H24: 41 | I24: 36 | J24: ==E24+F24+G24+H24+I24 -> 250
A25: 24 | B25: 李茂熙 | C25: 1856 | D25: ==VLOOKUP(B25,[1]在校生综合信息查询!$A$349:$C$404,2,0) -> 25q710103232 | E25: 66 | F25: 53 | G25: 44.5 | H25: 37 | I25: 39 | J25: ==E25+F25+G25+H25+I25 -> 239.5
A26: 25 | B26: 李思鸿 | C26: 1892 | D26: ==VLOOKUP(B26,[1]在校生综合信息查询!$A$349:$C$404,2,0) -> 25q710103247 | E26: 75 | F26: 68 | G26: 39.5 | H26: 38 | I26: 21 | J26: ==E26+F26+G26+H26+I26 -> 241.5
A27: 26 | B27: 李紫仪 | C27: 1876 | D27: ==VLOOKUP(B27,[1]在校生综合信息查询!$A$349:$C$404,2,0) -> 25q710103258 | E27: 94 | F27: 113 | G27: 68 | H27: 51 | I27: 76 | J27: ==E27+F27+G27+H27+I27 -> 402
A28: 27 | B28: 凌海情 | C28: 1861 | D28: ==VLOOKUP(B28,[1]在校生综合信息查询!$A$349:$C$404,2,0) -> 25q710103238 | E28: 72 | F28: 34 | G28: 36.5 | H28: 33 | I28: 18 | J28: ==E28+F28+G28+H28+I28 -> 193.5
... A49: 48 | B49: 张莉 | C49: 1903 | D49: ==VLOOKUP(B49,[1]在校生综合信息查询!$A$349:$C$404,2,0) -> 25q710103253 | E49: 103 | F49: 83 | G49: 58 | H49: 38 | I49: 36 | J49: ==E49+F49+G49+H49+I49 -> 318
A50: 49 | B50: 张梦辉 | D50: ==VLOOKUP(B50,[1]在校生综合信息查询!$A$349:$C$404,2,0) -> 25q710103230 | E50: 48 | F50: 41 | G50: 13 | H50: 59 | I50: 24 | J50: ==E50+F50+G50+H50+I50 -> 185
A51: 50 | B51: 张饶意 | D51: ==VLOOKUP(B51,[1]在校生综合信息查询!$A$349:$C$404,2,0) -> 25q710103289 | E51: 84 | F51: 53 | G51: 27 | H51: 51 | I51: 27 | J51: ==E51+F51+G51+H51+I51 -> 242
A52: 51 | B52: 张维家 | D52: ==VLOOKUP(B52,[1]在校生综合信息查询!$A$349:$C$404,2,0) -> 20250719 | E52: 59 | F52: 59 | G52: 45 | H52: 22 | I52: 36 | J52: ==E52+F52+G52+H52+I52 -> 221
A53: 52 | B53: 张玉霖 | D53: ==VLOOKUP(B53,[1]在校生综合信息查询!$A$349:$C$404,2,0) -> 25q710103226 | E53: 77 | F53: 105 | G53: 44 | H53: 62 | I53: 26 | J53: ==E53+F53+G53+H53+I53 -> 314
A54: 53 | B54: 张梓林 | D54: ==VLOOKUP(B54,[1]在校生综合信息查询!$A$349:$C$404,2,0) -> 25q710103292 | E54: 76 | F54: 37 | G54: 54.5 | H54: 33 | I54: 22 | J54: ==E54+F54+G54+H54+I54 -> 222.5
A55: 54 | B55: 赵诗雅 | D55: ==VLOOKUP(B55,[1]在校生综合信息查询!$A$349:$C$404,2,0) -> 25q710103278 | E55: 61 | F55: 69 | G55: 58.5 | H55: 38 | I55: 34 | J55: ==E55+F55+G55+H55+I55 -> 260.5
A56: 55 | B56: 郑洋 | D56: ==VLOOKUP(B56,[1]在校生综合信息查询!$A$349:$C$404,2,0) -> 25q710103229 | E56: 48 | F56: 59 | G56: 29.5 | H56: 52 | I56: 25 | J56: ==E56+F56+G56+H56+I56 -> 213.5
A57: 56 | B57: 周思呈 | D57: ==VLOOKUP(B57,[1]在校生综合信息查询!$A$349:$C$404,2,0) -> 25q710103252 | E57: 80 | F57: 129 | G57: 42 | H57: 69 | I57: 86 | J57: ==E57+F57+G57+H57+I57 -> 406
A58: 57 | B58: 祝浩城 | D58: ==VLOOKUP(B58,[1]在校生综合信息查询!$A$349:$C$404,2,0) -> 25q710201568 | E58: 90 | F58: 76 | G58: 81.5 | H58: 28 | I58: 14 | J58: ==E58+F58+G58+H58+I58 -> 289.5

Sheet 25级电子职普融通班
A1: 序号 | B1: 姓名 | C1: 考号 | D1: 学号 | E1: 语文 | F1: 数学 | G1: 英语 | H1: 电工技术基础与技能实训 | I1: 电子技术基础与技能实训 | J1: 总分 | K1: 排名
A2: 1 | B2: 白金 | C2: 1053 | D2: ==VLOOKUP(B2,[1]在校生综合信息查询!$A$405:$C$447,2,0) -> 25q710103124 | E2: 38 | F2: 20 | G2: 18.5 | H2: 73 | I2: 80
A3: 2 | B3: 丁锐 | C3: 1085 | D3: ==VLOOKUP(B3,[1]在校生综合信息查询!$A$405:$C$447,2,0) -> 25q710103154 | E3: 59 | F3: 18 | G3: 32 | H3: 32 | I3: 30
A4: 3 | B4: 冯紫晗 | C4: 1083 | D4: ==VLOOKUP(B4,[1]在校生综合信息查询!$A$405:$C$447,2,0) -> 25q710103152 | E4: 66.5 | F4: 35 | G4: 66.5 | H4: 45 | I4: 56.5
A5: 4 | B5: 甘宇涵 | C5: 1062 | D5: ==VLOOKUP(B5,[1]在校生综合信息查询!$A$405:$C$447,2,0) -> 25q710103126 | E5: 75 | F5: 25 | G5: 46 | H5: 20 | I5: 36
A6: 5 | B6: 龚爱淋 | C6: 1084 | D6: ==VLOOKUP(B6,[1]在校生综合信息查询!$A$405:$C$447,2,0) -> 25q710103153 | E6: 66 | F6: 34 | G6: 53 | H6: 84 | I6: 79
A7: 6 | B7: 何博屹 | C7: 1058 | D7: ==VLOOKUP(B7,[1]在校生综合信息查询!$A$405:$C$447,2,0) -> 25q710103121 | E7: 72 | F7: 16 | G7: 34.5 | H7: 26 | I7: 34
A8: 7 | B8: 何耀祖 | C8: 1078 | D8: ==VLOOKUP(B8,[1]在校生综合信息查询!$A$405:$C$447,2,0) -> 25q710103142 | E8: 65 | F8: 5 | G8: 48 | H8: 26 | I8: 44
A9: 8 | B9: 何语晨 | C9: 1080 | D9: ==VLOOKUP(B9,[1]在校生综合信息查询!$A$405:$C$447,2,0) -> 25q710103149 | E9: 53 | F9: 94 | G9: 89 | H9: 34 | I9: 23
A10: 9 | B10: 黄浩然 | C10: 1059 | D10: ==VLOOKUP(B10,[1]在校生综合信息查询!$A$405:$C$447,2,0) -> 25q710103122 | E10: 85.5 | F10: 40 | G10: 21 | H10: 30 | I10: 30
A11: 10 | B11: 黄子轩 | C11: 1068 | D11: ==VLOOKUP(B11,[1]在校生综合信息查询!$A$405:$C$447,2,0) -> 25q710103132 | E11: 62.5 | F11: 10 | G11: 55 | H11: 58 | I11: 67
A12: 11 | B12: 黄紫萱 | C12: 1090 | D12: ==VLOOKUP(B12,[1]在校生综合信息查询!$A$405:$C$447,2,0) -> 25q710103161 | E12: 缺考 | F12: 缺考 | G12: 缺考
A13: 12 | B13: 李瑞杰 | C13: 1067 | D13: ==VLOOKUP(B13,[1]在校生综合信息查询!$A$405:$C$447,2,0) -> 25q710103131 | E13: 64 | F13: 20 | G13: 43.5 | H13: 36 | I13: 33.5
A14: 13 | B14: 李思成 | C14: 1089 | D14: ==VLOOKUP(B14,[1]在校生综合信息查询!$A$405:$C$447,2,0) -> 25q710103159 | E14: 61 | F14: 41 | G14: 42.5 | H14: 21 | I14: 37
A15: 14 | B15: 刘岚 | C15: 1074 | D15: ==VLOOKUP(B15,[1]在校生综合信息查询!$A$405:$C$447,2,0) -> 25q710103138 | E15: 70.5 | F15: 25 | G15: 31.5 | H15: 30 | I15: 48.5
A16: 15 | B16: 刘龙海 | C16: 1088 | D16: ==VLOOKUP(B16,[1]在校生综合信息查询!$A$405:$C$447,2,0) -> 25q710103158 | E16: 64.5 | F16: 23 | G16: 32 | H16: 44 | I16: 48.5
A17: 16 | B17: 刘诗雨 | C17: 1060 | D17: ==VLOOKUP(B17,[1]在校生综合信息查询!$A$405:$C$447,2,0) -> 25q710103123 | E17: 90 | F17: 82 | G17: 42 | H17: 31 | I17: 59.5
A18: 17 | B18: 罗茂棋 | C18: 1086 | D18: ==VLOOKUP(B18,[1]在校生综合信息查询!$A$405:$C$447,2,0) -> 25q710103155 | E18: 61 | F18: 22 | G18: 59 | H18: 57 | I18: 40.5
A19: 18 | B19: 罗思苒 | C19: 1056 | D19: ==VLOOKUP(B19,[1]在校生综合信息查询!$A$405:$C$447,2,0) -> 25q710103119 | E19: 67 | F19: 30 | G19: 98 | H19: 54 | I19: 39
A20: 19 | B20: 吕文涛 | C20: 1072 | D20: ==VLOOKUP(B20,[1]在校生综合信息查询!$A$405:$C$447,2,0) -> 25q710103136 | E20: 62.5 | F20: 16 | G20: 22.5 | H20: 48 | I20: 76
A21: 20 | B21: 吕芷妍 | C21: 1082 | D21: ==VLOOKUP(B21,[1]在校生综合信息查询!$A$405:$C$447,2,0) -> 25q710103151 | E21: 66 | F21: 67 | G21: 42.5 | H21: 62 | I21: 77
A22: 21 | B22: 宋唐贤 | C22: 1087 | D22: ==VLOOKUP(B22,[1]在校生综合信息查询!$A$405:$C$447,2,0) -> 25q710103156 | E22: 69 | F22: 32 | G22: 48 | H22: 49 | I22: 33.5
A23: 22 | B23: 王炳菻 | C23: 1075 | D23: ==VLOOKUP(B23,[1]在校生综合信息查询!$A$405:$C$447,2,0) -> 25q710103139 | E23: 68.5 | F23: 5 | G23: 66.5 | H23: 36 | I23: 77
A24: 23 | B24: 王柯宇 | C24: 1093 | D24: ==VLOOKUP(B24,[1]在校生综合信息查询!$A$405:$C$447,2,0) -> 20250702 | E24: 41 | F24: 41 | G24: 34.5 | H24: 29 | I24: 20
... A35: 34 | B35: 熊琨 | C35: 1063 | D35: ==VLOOKUP(B35,[1]在校生综合信息查询!$A$405:$C$447,2,0) -> 25q710103127 | E35: 64 | F35: 20 | G35: 23.5 | H35: 30 | I35: 30
A36: 35 | B36: 许晨析 | D36: ==VLOOKUP(B36,[1]在校生综合信息查询!$A$405:$C$447,2,0) -> 25q710103135 | E36: 66.5 | F36: 33 | G36: 34.5 | H36: 42 | I36: 29.5
A37: 36 | B37: 许林海 | D37: ==VLOOKUP(B37,[1]在校生综合信息查询!$A$405:$C$447,2,0) -> 25q710103125 | E37: 67 | F37: 44 | G37: 30 | H37: 77 | I37: 66
A38: 37 | B38: 杨檬玮 | D38: ==VLOOKUP(B38,[1]在校生综合信息查询!$A$405:$C$447,2,0) -> 25q710103162 | E38: 缺考 | F38: 缺考 | G38: 缺考
A39: 38 | B39: 杨宇星 | D39: ==VLOOKUP(B39,[1]在校生综合信息查询!$A$405:$C$447,2,0) -> 20250222 | E39: 66.5 | F39: 15 | G39: 48.5 | H39: 17 | I39: 49
A40: 39 | B40: 杨子一 | D40: ==VLOOKUP(B40,[1]在校生综合信息查询!$A$405:$C$447,2,0) -> 25q710103134 | E40: 75 | F40: 95 | G40: 51 | H40: 50 | I40: 53
A41: 40 | B41: 姚刘杰 | D41: ==VLOOKUP(B41,[1]在校生综合信息查询!$A$405:$C$447,2,0) -> 25q710103130 | E41: 61 | F41: 82 | G41: 45.5 | H41: 63 | I41: 80
A42: 41 | B42: 张宏博 | D42: ==VLOOKUP(B42,[1]在校生综合信息查询!$A$405:$C$447,2,0) -> 25q710103140 | E42: 81 | F42: 28 | G42: 36.5 | H42: 26 | I42: 30.5
A43: 42 | B43: 张宇豪 | D43: ==VLOOKUP(B43,[1]在校生综合信息查询!$A$405:$C$447,2,0) -> 25q710103129 | E43: 64.5 | F43: 25 | G43: 60.5 | H43: 27 | I43: 35
A44: 43 | B44: 张梓彤 | D44: ==VLOOKUP(B44,[1]在校生综合信息查询!$A$405:$C$447,2,0) -> 25q710103144 | E44: 52 | F44: 20 | G44: 56 | H44: 28 | I44: 54

Sheet 25级计算机1班
A1: 序号 | B1: 姓名 | C1: 考号 | D1: 学号 | E1: 语文 | F1: 数学 | G1: 英语 | H1: 办公软件应用 | I1: 信息技术应用基础 | J1: 总分 | K1: 排名
A2: 1 | B2: 曹逸辰 | C2: 1445 | D2: ==VLOOKUP(B2,[1]在校生综合信息查询!$A$448:$C$518,2,0) -> 25q710201054 | E2: 12 | F2: 4 | G2: 22.5 | H2: 14 | I2: 12 | J2: 64.5 | K2: ==RANK(J2,J$2:J$72,0) -> 59
A3: 2 | B3: 曹语涵 | C3: 1405 | D3: ==VLOOKUP(B3,[1]在校生综合信息查询!$A$448:$C$518,2,0) -> 25q710201210 | E3: 76 | F3: 20 | G3: 28 | H3: 63 | I3: 59 | J3: 246 | K3: ==RANK(J3,J$2:J$72,0) -> 2
A4: 3 | B4: 曾艳梅 | C4: 1422 | D4: ==VLOOKUP(B4,[1]在校生综合信息查询!$A$448:$C$518,2,0) -> 25q710201230 | E4: 52 | F4: 28 | G4: 35.5 | H4: 39 | I4: 35 | J4: 189.5 | K4: ==RANK(J4,J$2:J$72,0) -> 13
A5: 4 | B5: 曾宇琦 | C5: 1384 | D5: ==VLOOKUP(B5,[1]在校生综合信息查询!$A$448:$C$518,2,0) -> 25q710201184 | E5: 62 | F5: 8 | G5: 25.5 | H5: 45 | I5: 56 | J5: 196.5 | K5: ==RANK(J5,J$2:J$72,0) -> 11
A6: 5 | B6: 陈洪翔 | C6: 1401 | D6: ==VLOOKUP(B6,[1]在校生综合信息查询!$A$448:$C$518,2,0) -> 25q710201205 | E6: 60 | F6: 24 | G6: 23 | H6: 48 | I6: 43 | J6: 198 | K6: ==RANK(J6,J$2:J$72,0) -> 10
A7: 6 | B7: 陈靖豪 | C7: 1437 | D7: ==VLOOKUP(B7,[1]在校生综合信息查询!$A$448:$C$518,2,0) -> #N/A | E7: 26 | F7: 36 | G7: 23 | H7: 31 | I7: 46 | J7: 153.5 | K7: ==RANK(J7,J$2:J$72,0) -> 24
A8: 7 | B8: 陈林涛 | C8: 1429 | D8: ==VLOOKUP(B8,[1]在校生综合信息查询!$A$448:$C$518,2,0) -> 25q710201195 | E8: 46 | F8: 24 | G8: 25.5 | H8: 23 | I8: 26 | J8: 144.5 | K8: ==RANK(J8,J$2:J$72,0) -> 31
A9: 8 | B9: 陈心蝶 | C9: 1392 | D9: ==VLOOKUP(B9,[1]在校生综合信息查询!$A$448:$C$518,2,0) -> 25q710201194 | E9: 0 | F9: 0 | G9: 0 | J9: 0 | K9: ==RANK(J9,J$2:J$72,0) -> 63
A10: 9 | B10: 陈艳琳 | C10: 1379 | D10: ==VLOOKUP(B10,[1]在校生综合信息查询!$A$448:$C$518,2,0) -> 25q710201179 | E10: 53 | F10: 12 | G10: 22 | H10: 28 | I10: 36 | J10: 151 | K10: ==RANK(J10,J$2:J$72,0) -> 25
A11: 10 | B11: 陈煜杰 | C11: 1439 | D11: ==VLOOKUP(B11,[1]在校生综合信息查询!$A$448:$C$518,2,0) -> 24q710201007 | E11: 0 | F11: 0 | G11: 0 | J11: 0 | K11: ==RANK(J11,J$2:J$72,0) -> 63
A12: 11 | B12: 底诗琦 | C12: 1381 | D12: ==VLOOKUP(B12,[1]在校生综合信息查询!$A$448:$C$518,2,0) -> 25q710201181 | E12: 53 | F12: 12 | G12: 44.5 | H12: 33 | I12: 34 | J12: 176.5 | K12: ==RANK(J12,J$2:J$72,0) -> 18
A13: 12 | B13: 冯梦苒 | C13: 1418 | D13: ==VLOOKUP(B13,[1]在校生综合信息查询!$A$448:$C$518,2,0) -> 25q710201226 | E13: 15 | F13: 16 | G13: 32 | H13: 29 | I13: 29 | J13: 121 | K13: ==RANK(J13,J$2:J$72,0) -> 43
A14: 13 | B14: 龚晓菲 | C14: 1449 | D14: ==VLOOKUP(B14,[1]在校生综合信息查询!$A$448:$C$518,2,0) -> 25q710201062 | E14: 30 | F14: 24 | G14: 20.5 | H14: 27 | I14: 34 | J14: 135.5 | K14: ==RANK(J14,J$2:J$72,0) -> 37
A15: 14 | B15: 何荟兴 | C15: 1400 | D15: ==VLOOKUP(B15,[1]在校生综合信息查询!$A$448:$C$518,2,0) -> 25q710201204 | E15: 38 | F15: 18 | G15: 30.5 | H15: 59 | I15: 63 | J15: 208.5 | K15: ==RANK(J15,J$2:J$72,0) -> 7
A16: 15 | B16: 何欣瑞 | C16: 1390 | D16: ==VLOOKUP(B16,[1]在校生综合信息查询!$A$448:$C$518,2,0) -> 25q710201190 | E16: 11 | F16: 12 | G16: 21 | H16: 14 | I16: 26 | J16: 84 | K16: ==RANK(J16,J$2:J$72,0) -> 57
A17: 16 | B17: 何仲龄 | C17: 1440 | D17: ==VLOOKUP(B17,[1]在校生综合信息查询!$A$448:$C$518,2,0) -> 25q710201066 | E17: 6 | F17: 12 | G17: 20.5 | H17: 0 | I17: 0 | J17: 38.5 | K17: ==RANK(J17,J$2:J$72,0) -> 61
A18: 17 | B18: 黄嘉俊 | C18: 1414 | D18: ==VLOOKUP(B18,[1]在校生综合信息查询!$A$448:$C$518,2,0) -> 25q710201220 | E18: 2 | F18: 24 | G18: 22 | H18: 15 | I18: 26 | J18: 89 | K18: ==RANK(J18,J$2:J$72,0) -> 53
A19: 18 | B19: 黄轲诚 | C19: 1441 | D19: ==VLOOKUP(B19,[1]在校生综合信息查询!$A$448:$C$518,2,0) -> 25q710201068 | E19: 6 | F19: 28 | G19: 22.5 | H19: 19 | I19: 25 | J19: 100.5 | K19: ==RANK(J19,J$2:J$72,0) -> 50
A20: 19 | B20: 黄瑞 | C20: 1435 | D20: ==VLOOKUP(B20,[1]在校生综合信息查询!$A$448:$C$518,2,0) -> 25q710201244 | E20: 0 | F20: 0 | G20: 0 | J20: 0 | K20: ==RANK(J20,J$2:J$72,0) -> 63
A21: 20 | B21: 李昊 | C21: 1416 | D21: ==VLOOKUP(B21,[1]在校生综合信息查询!$A$448:$C$518,2,0) -> 25q710201222 | E21: 22 | F21: 20 | G21: 33 | H21: 15 | I21: 36 | J21: 126 | K21: ==RANK(J21,J$2:J$72,0) -> 41
A22: 21 | B22: 李会宁 | C22: 1383 | D22: ==VLOOKUP(B22,[1]在校生综合信息查询!$A$448:$C$518,2,0) -> 25q710201183 | E22: 60 | F22: 42 | G22: 68 | H22: 87 | I22: 58 | J22: ==SUM(E22,F22,G22,H22,I22) -> 315 | K22: ==RANK(J22,J$2:J$72,0) -> 1
A23: 22 | B23: 李晓美 | C23: 1394 | D23: ==VLOOKUP(B23,[1]在校生综合信息查询!$A$448:$C$518,2,0) -> 25q710201197 | E23: 37 | F23: 24 | G23: 19 | H23: 24 | I23: 32 | J23: 136 | K23: ==RANK(J23,J$2:J$72,0) -> 36
A24: 23 | B24: 李欣蕾 | C24: 1386 | D24: ==VLOOKUP(B24,[1]在校生综合信息查询!$A$448:$C$518,2,0) -> 25q710201186 | E24: 40 | F24: 24 | G24: 26 | H24: 55 | I24: 58 | J24: 203 | K24: ==RANK(J24,J$2:J$72,0) -> 8
A25: 24 | B25: 李宇航 | C25: 1415 | D25: ==VLOOKUP(B25,[1]在校生综合信息查询!$A$448:$C$518,2,0) -> 25q710201221 | E25: 39 | F25: 40 | G25: 50.5 | H25: 35 | I25: 44 | J25: 191.5 | K25: ==RANK(J25,J$2:J$72,0) -> 12
A26: 25 | B26: 凌星铖 | C26: 1420 | D26: ==VLOOKUP(B26,[1]在校生综合信息查询!$A$448:$C$518,2,0) -> 25q710201228 | E26: 9 | F26: 12 | G26: 16 | H26: 23 | I26: 30 | J26: 150 | K26: ==RANK(J26,J$2:J$72,0) -> 27
A27: 26 | B27: 刘浩 | C27: 1421 | D27: ==VLOOKUP(B27,[1]在校生综合信息查询!$A$448:$C$518,2,0) -> 25q710201229 | E27: 41 | F27: 12 | G27: 15 | H27: 22 | I27: 41 | J27: 131 | K27: ==RANK(J27,J$2:J$72,0) -> 39
A28: 27 | B28: 刘俊熙 | C28: 1391 | D28: ==VLOOKUP(B28,[1]在校生综合信息查询!$A$448:$C$518,2,0) -> 25q710201191 | E28: 15 | F28: 20 | G28: 10.5 | H28: 23 | I28: 18 | J28: 81.5 | K28: ==RANK(J28,J$2:J$72,0) -> 58
A29: 28 | B29: 刘峻巧 | C29: 1410 | D29: ==VLOOKUP(B29,[1]在校生综合信息查询!$A$448:$C$518,2,0) -> 25q710201215 | E29: 0 | F29: 0 | G29: 0 | J29: 0 | K29: ==RANK(J29,J$2:J$72,0) -> 63
A30: 29 | B30: 刘珊 | C30: 1425 | D30: ==VLOOKUP(B30,[1]在校生综合信息查询!$A$448:$C$518,2,0) -> 25q710201236 | E30: 50 | F30: 33 | G30: 21 | H30: 31 | I30: 41 | J30: 176 | K30: ==RANK(J30,J$2:J$72,0) -> 19
A31: 30 | B31: 龙依晨 | C31: 1385 | D31: ==VLOOKUP(B31,[1]在校生综合信息查询!$A$448:$C$518,2,0) -> 25q710201185 | E31: 62 | F31: 12 | G31: 31.5 | H31: 18 | I31: 22 | J31: 145.5 | K31: ==RANK(J31,J$2:J$72,0) -> 30
A32: 31 | B32: 罗嘉欣 | C32: 1403 | D32: ==VLOOKUP(B32,[1]在校生综合信息查询!$A$448:$C$518,2,0) -> 25q710201207 | E32: 19 | F32: 28 | G32: 29 | H32: 24 | I32: 18 | J32: 118 | K32: ==RANK(J32,J$2:J$72,0) -> 45
A33: 32 | B33: 罗奇 | C33: 1393 | D33: ==VLOOKUP(B33,[1]在校生综合信息查询!$A$448:$C$518,2,0) -> 25q710201196 | E33: 17 | F33: 20 | G33: 24 | H33: 29 | I33: 48 | J33: 138 | K33: ==RANK(J33,J$2:J$72,0) -> 32
A34: 33 | B34: 罗思瑞 | C34: 1397 | D34: ==VLOOKUP(B34,[1]在校生综合信息查询!$A$448:$C$518,2,0) -> 25q710201201 | E34: 0 | F34: 0 | G34: 0 | J34: 0 | K34: ==RANK(J34,J$2:J$72,0) -> 63
A35: 34 | B35: 罗星浩 | C35: 1436 | D35: ==VLOOKUP(B35,[1]在校生综合信息查询!$A$448:$C$518,2,0) -> 25q710201245 | E35: 18 | F35: 16 | G35: 16 | H35: 15 | I35: 24 | J35: 89 | K35: ==RANK(J35,J$2:J$72,0) -> 53
A36: 35 | B36: 罗云翔 | C36: 1382 | D36: ==VLOOKUP(B36,[1]在校生综合信息查询!$A$448:$C$518,2,0) -> 25q710201078 | E36: 22 | F36: 12 | G36: 22.5 | H36: 37 | I36: 27 | J36: 120.5 | K36: ==RANK(J36,J$2:J$72,0) -> 44
A37: 36 | B37: 穆杨 | C37: 1387 | D37: ==VLOOKUP(B37,[1]在校生综合信息查询!$A$448:$C$518,2,0) -> 25q710201235 | E37: 34 | F37: 20 | G37: 14 | H37: 28 | I37: 34 | J37: 130 | K37: ==RANK(J37,J$2:J$72,0) -> 40
A38: 37 | B38: 彭成洪 | C38: 1399 | D38: ==VLOOKUP(B38,[1]在校生综合信息查询!$A$448:$C$518,2,0) -> 25q710201081 | E38: 25 | F38: 28 | G38: 22.5 | H38: 47 | I38: 41 | J38: 163.5 | K38: ==RANK(J38,J$2:J$72,0) -> 23
A39: 38 | B39: 宋慧慈 | C39: 1402 | D39: ==VLOOKUP(B39,[1]在校生综合信息查询!$A$448:$C$518,2,0) -> 25q710201189 | E39: 0 | F39: 0 | G39: 0 | J39: 0 | K39: ==RANK(J39,J$2:J$72,0) -> 63
A40: 39 | B40: 宋慧敏 | C40: 1423 | D40: ==VLOOKUP(B40,[1]在校生综合信息查询!$A$448:$C$518,2,0) -> 25q710201213 | E40: 26 | F40: 16 | G40: 43.5 | H40: 53 | I40: 61 | J40: 199.5 | K40: ==RANK(J40,J$2:J$72,0) -> 9
A41: 40 | B41: 唐倩 | C41: 1432 | D41: ==VLOOKUP(B41,[1]在校生综合信息查询!$A$448:$C$518,2,0) -> 25q710201087 | E41: 23 | F41: 28 | G41: 0 | J41: 0 | K41: ==RANK(J41,J$2:J$72,0) -> 63
A42: 41 | B42: 田力博 | C42: 1433 | D42: ==VLOOKUP(B42,[1]在校生综合信息查询!$A$448:$C$518,2,0) -> 25q710201089 | E42: 19 | F42: 4 | G42: 20 | H42: 32 | I42: 63 | J42: 138 | K42: ==RANK(J42,J$2:J$72,0) -> 32
A43: 42 | B43: 王敏 | C43: 1438 | D43: ==VLOOKUP(B43,[1]在校生综合信息查询!$A$448:$C$518,2,0) -> 25q740101019 | E43: 61 | F43: 20 | G43: 35 | H43: 34 | I43: 35 | J43: 185 | K43: ==RANK(J43,J$2:J$72,0) -> 16
A44: 43 | B44: 王思语 | C44: 1404 | D44: ==VLOOKUP(B44,[1]在校生综合信息查询!$A$448:$C$518,2,0) -> 25q710201198 | E44: 21 | F44: 12 | G44: 17 | H44: 24 | I44: 32 | J44: 106 | K44: ==RANK(J44,J$2:J$72,0) -> 49
A45: 44 | B45: 王欣莹 | C45: 1447 | D45: ==VLOOKUP(B45,[1]在校生综合信息查询!$A$448:$C$518,2,0) -> 25q710201182 | E45: 55 | F45: 24 | G45: 24 | H45: 61 | I45: 45 | J45: 209 | K45: ==RANK(J45,J$2:J$72,0) -> 6
A46: 45 | B46: 王治英 | C46: 1413 | D46: ==VLOOKUP(B46,[1]在校生综合信息查询!$A$448:$C$518,2,0) -> 25q710201187 | E46: 29 | F46: 4 | G46: 15.5 | H46: 24 | I46: 40 | J46: 112.5 | K46: ==RANK(J46,J$2:J$72,0) -> 46
A47: 46 | B47: 文琳 | C47: 1448 | D47: ==VLOOKUP(B47,[1]在校生综合信息查询!$A$448:$C$518,2,0) -> 25q710201203 | E47: 36 | F47: 20 | G47: 34.52 | H47: 50 | I47: 46 | J47: 186.5 | K47: ==RANK(J47,J$2:J$72,0) -> 15
A48: 47 | B48: 吴文槟 | C48: 1427 | D48: ==VLOOKUP(B48,[1]在校生综合信息查询!$A$448:$C$518,2,0) -> 25q710201206 | E48: 41 | F48: 8 | G48: 42 | H48: 38 | I48: 43 | J48: 172 | K48: ==RANK(J48,J$2:J$72,0) -> 21
A49: 48 | B49: 鲜开熠 | C49: 1412 | D49: ==VLOOKUP(B49,[1]在校生综合信息查询!$A$448:$C$518,2,0) -> 25q710201231 | E49: 9 | F49: 12 | G49: 20 | H49: 17 | I49: 40 | J49: 98 | K49: ==RANK(J49,J$2:J$72,0) -> 51
A50: 49 | B50: 谢宇杰 | C50: 1428 | D50: ==VLOOKUP(B50,[1]在校生综合信息查询!$A$448:$C$518,2,0) -> 25q710201241 | E50: 18 | F50: 12 | G50: 17.5 | H50: 34 | I50: 40 | J50: 121.5 | K50: ==RANK(J50,J$2:J$72,0) -> 42
A51: 50 | B51: 徐浩乐 | C51: 1419 | D51: ==VLOOKUP(B51,[1]在校生综合信息查询!$A$448:$C$518,2,0) -> 25q770303024 | E51: 11 | F51: 16 | G51: 29 | H51: 12 | I51: 28 | J51: 96 | K51: ==RANK(J51,J$2:J$72,0) -> 52
A52: 51 | B52: 徐骏杰 | C52: 1406 | D52: ==VLOOKUP(B52,[1]在校生综合信息查询!$A$448:$C$518,2,0) -> 25q710103219 | E52: 6 | F52: 20 | G52: 0 | J52: 26 | K52: ==RANK(J52,J$2:J$72,0) -> 62
A53: 52 | B53: 徐墁淑 | C53: 1417 | D53: ==VLOOKUP(B53,[1]在校生综合信息查询!$A$448:$C$518,2,0) -> 25q710201209 | E53: 61 | F53: 16 | G53: 27.5 | H53: 66 | I53: 50 | J53: 222.5 | K53: ==RANK(J53,J$2:J$72,0) -> 4
A54: 53 | B54: 杨可欣 | C54: 1411 | D54: ==VLOOKUP(B54,[1]在校生综合信息查询!$A$448:$C$518,2,0) -> 20250312 | E54: 74 | F54: 28 | G54: 17.5 | H54: 26 | I54: 30 | J54: 175.5 | K54: ==RANK(J54,J$2:J$72,0) -> 20
A55: 54 | B55: 杨世琦 | C55: 1396 | D55: ==VLOOKUP(B55,[1]在校生综合信息查询!$A$448:$C$518,2,0) -> 25q710201219 | E55: 0 | F55: 0 | G55: 0 | J55: 0 | K55: ==RANK(J55,J$2:J$72,0) -> 63
A56: 55 | B56: 杨琬婷 | C56: 1407 | D56: ==VLOOKUP(B56,[1]在校生综合信息查询!$A$448:$C$518,2,0) -> 20250713 | E56: 46 | F56: 20 | G56: 20 | H56: 50 | I56: 34 | J56: 170 | K56: ==RANK(J56,J$2:J$72,0) -> 22
A57: 56 | B57: 杨昔瑶 | C57: 1398 | D57: ==VLOOKUP(B57,[1]在校生综合信息查询!$A$448:$C$518,2,0) -> 25q710201240 | E57: 34 | F57: 12 | G57: 20.5 | H57: 40 | I57: 30 | J57: 136.5 | K57: ==RANK(J57,J$2:J$72,0) -> 35
A58: 57 | B58: 杨雨萱 | C58: 1434 | D58: ==VLOOKUP(B58,[1]在校生综合信息查询!$A$448:$C$518,2,0) -> 25q710201217 | E58: 18 | F58: 16 | G58: 14 | H58: 38 | I58: 46 | J58: 132 | K58: ==RANK(J58,J$2:J$72,0) -> 38
A59: 58 | B59: 杨玥 | C59: 1388 | D59: ==VLOOKUP(B59,[1]在校生综合信息查询!$A$448:$C$518,2,0) -> 25q710201193 | E59: 24 | F59: 20 | G59: 0 | H59: 0 | I59: 0 | J59: 44 | K59: ==RANK(J59,J$2:J$72,0) -> 60
A60: 59 | B60: 殷紫婷 | C60: 1409 | D60: ==VLOOKUP(B60,[1]在校生综合信息查询!$A$448:$C$518,2,0) -> 25q710201227 | E60: 54 | F60: 8 | G60: 32 | H60: 38 | I60: 41 | J60: 137 | K60: ==RANK(J60,J$2:J$72,0) -> 34
A61: 60 | B61: 尹勇 | C61: 1426 | D61: ==VLOOKUP(B61,[1]在校生综合信息查询!$A$448:$C$518,2,0) -> 25q710201211 | E61: 68 | F61: 20 | G61: 26 | H61: 67 | I61: 61 | J61: 242 | K61: ==RANK(J61,J$2:J$72,0) -> 3
A62: 61 | B62: 詹沛霖 | C62: 1431 | D62: ==VLOOKUP(B62,[1]在校生综合信息查询!$A$448:$C$518,2,0) -> 25q710201225 | E62: 18 | F62: 20 | G62: 18 | H62: 20 | I62: 36 | J62: 112 | K62: ==RANK(J62,J$2:J$72,0) -> 48
A63: 62 | B63: 张梦怡 | C63: 1380 | D63: ==VLOOKUP(B63,[1]在校生综合信息查询!$A$448:$C$518,2,0) -> 25q710201216 | E63: 39 | F63: 12 | G63: 29.5 | H63: 30 | I63: 36 | J63: 146.5 | K63: ==RANK(J63,J$2:J$72,0) -> 29
A64: 63 | B64: 张群汶 | D64: ==VLOOKUP(B64,[1]在校生综合信息查询!$A$448:$C$518,2,0) -> 25q710201200 | E64: 0 | F64: 0 | G64: 0 | J64: 0 | K64: ==RANK(J64,J$2:J$72,0) -> 63
A65: 64 | B65: 张思佳 | D65: ==VLOOKUP(B65,[1]在校生综合信息查询!$A$448:$C$518,2,0) -> 25q710201212 | E65: 65 | F65: 31 | G65: 14.5 | H65: 71 | I65: 33 | J65: 214.5 | K65: ==RANK(J65,J$2:J$72,0) -> 5
A66: 65 | B66: 张玉琴 | D66: ==VLOOKUP(B66,[1]在校生综合信息查询!$A$448:$C$518,2,0) -> 25q710201202 | E66: 36 | F66: 8 | G66: 37.5 | H66: 54 | I66: 48 | J66: 188.5 | K66: ==RANK(J66,J$2:J$72,0) -> 14
A67: 66 | B67: 赵竣涵 | D67: ==VLOOKUP(B67,[1]在校生综合信息查询!$A$448:$C$518,2,0) -> 25q770303041 | E67: 9 | F67: 24 | G67: 19.5 | H67: 9 | I67: 24 | J67: 85.5 | K67: ==RANK(J67,J$2:J$72,0) -> 56
A68: 67 | B68: 赵鑫 | D68: ==VLOOKUP(B68,[1]在校生综合信息查询!$A$448:$C$518,2,0) -> 25q710201188 | E68: 29 | F68: 4 | G68: 25 | H68: 49 | I68: 42 | J68: 149 | K68: ==RANK(J68,J$2:J$72,0) -> 28
A69: 68 | B69: 周子木 | D69: ==VLOOKUP(B69,[1]在校生综合信息查询!$A$448:$C$518,2,0) -> 25q710201214 | E69: 44 | F69: 24 | G69: 17.5 | H69: 23 | I69: 42 | J69: 150.5 | K69: ==RANK(J69,J$2:J$72,0) -> 26
A70: 69 | B70: 祝林 | D70: ==VLOOKUP(B70,[1]在校生综合信息查询!$A$448:$C$518,2,0) -> 25q710201238 | E70: 6 | F70: 16 | G70: 15 | H70: 21 | I70: 28 | J70: 86 | K70: ==RANK(J70,J$2:J$72,0) -> 55
A71: 70 | B71: 邹墨轩 | D71: ==VLOOKUP(B71,[1]在校生综合信息查询!$A$448:$C$518,2,0) -> 25q710201239 | E71: 15 | F71: 16 | G71: 20.5 | H71: 23 | I71: 38 | J71: 112.5 | K71: ==RANK(J71,J$2:J$72,0) -> 46
A72: 71 | B72: 邹雨彤 | D72: ==VLOOKUP(B72,[1]在校生综合信息查询!$A$448:$C$518,2,0) -> 25q710201180 | E72: 52 | F72: 16 | G72: 37.5 | H72: 35 | I72: 37 | J72: 177.5 | K72: ==RANK(J72,J$2:J$72,0) -> 17

Sheet 25级计算机2班
A1: 序号 | B1: 姓名 | C1: 考号 | D1: 学号 | E1: 语文 | F1: 数学 | G1: 英语 | H1: 办公软件应用 | I1: 信息技术应用基础 | J1: 总分 | K1: 排名
A2: 1 | B2: 陈彬炜 | C2: 1244 | D2: ==VLOOKUP(B2,[1]在校生综合信息查询!$A$519:$C$591,2,0) -> 25q710103287 | E2: 14 | F2: 20 | G2: 24 | H2: 25 | I2: 32
A3: 2 | B3: 陈翰霖 | C3: 1200 | D3: ==VLOOKUP(B3,[1]在校生综合信息查询!$A$519:$C$591,2,0) -> 25q710201126 | E3: 40 | F3: 48 | G3: 8.5 | H3: 60 | I3: 54
A4: 3 | B4: 陈俊麒 | C4: 1252 | D4: ==VLOOKUP(B4,[1]在校生综合信息查询!$A$519:$C$591,2,0) -> 25q710201055 | E4: 54 | F4: 20 | G4: 24 | H4: 51 | I4: 63
A5: 4 | B5: 陈锟 | C5: 1234 | D5: ==VLOOKUP(B5,[1]在校生综合信息查询!$A$519:$C$591,2,0) -> 25q710201167 | E5: 16 | F5: 12 | G5: 24.5 | H5: 23 | I5: 31
A6: 5 | B6: 陈孟瑶 | C6: 1214 | D6: ==VLOOKUP(B6,[1]在校生综合信息查询!$A$519:$C$591,2,0) -> 25q710201142 | E6: 5 | F6: 16 | G6: 27.5 | H6: 19 | I6: 32
A7: 6 | B7: 陈瑞洋 | C7: 1253 | D7: ==VLOOKUP(B7,[1]在校生综合信息查询!$A$519:$C$591,2,0) -> 25q770303025 | E7: 9 | F7: 12 | G7: 18 | H7: 22 | I7: 16
A8: 7 | B8: 陈心语 | C8: 1209 | D8: ==VLOOKUP(B8,[1]在校生综合信息查询!$A$519:$C$591,2,0) -> 25q710201136 | E8: 58 | F8: 47 | G8: 51.5 | H8: 66 | I8: 61
A9: 8 | B9: 陈炫 | C9: 1207 | D9: ==VLOOKUP(B9,[1]在校生综合信息查询!$A$519:$C$591,2,0) -> 25q710201133 | E9: 37 | F9: 16 | G9: 22 | H9: 19 | I9: 38
A10: 9 | B10: 底涵曦 | C10: 1239 | D10: ==VLOOKUP(B10,[1]在校生综合信息查询!$A$519:$C$591,2,0) -> 25q710201174 | E10: 35 | F10: 24 | G10: 14.5 | H10: 41 | I10: 48
A11: 10 | B11: 丁思雨 | C11: 1235 | D11: ==VLOOKUP(B11,[1]在校生综合信息查询!$A$519:$C$591,2,0) -> 25q710201170 | E11: 15 | F11: 24 | G11: 23 | H11: 26 | I11: 23
A12: 11 | B12: 董峻濠 | C12: 1237 | D12: ==VLOOKUP(B12,[1]在校生综合信息查询!$A$519:$C$591,2,0) -> 25q710201172 | E12: 3 | F12: 24 | G12: 10 | H12: 17 | I12: 36
A13: 12 | B13: 樊诗娇 | C13: 1211 | D13: ==VLOOKUP(B13,[1]在校生综合信息查询!$A$519:$C$591,2,0) -> 25q710201138 | E13: 0 | F13: 0 | G13: 0
A14: 13 | B14: 符美婷 | C14: 1193 | D14: ==VLOOKUP(B14,[1]在校生综合信息查询!$A$519:$C$591,2,0) -> 25q710201119 | E14: 44 | F14: 28 | G14: 18 | H14: 31 | I14: 33
A15: 14 | B15: 何贵鑫 | C15: 1247 | D15: ==VLOOKUP(B15,[1]在校生综合信息查询!$A$519:$C$591,2,0) -> 25q710103267 | E15: 9 | F15: 12 | G15: 13.5 | H15: 33 | I15: 36
A16: 15 | B16: 何一帆 | C16: 1228 | D16: ==VLOOKUP(B16,[1]在校生综合信息查询!$A$519:$C$591,2,0) -> 25q710201158 | E16: 25 | F16: 12 | G16: 15.5 | H16: 27 | I16: 25
A17: 16 | B17: 侯佳怡 | C17: 1232 | D17: ==VLOOKUP(B17,[1]在校生综合信息查询!$A$519:$C$591,2,0) -> 25q710201164 | E17: 36 | F17: 28 | G17: 31 | H17: 34 | I17: 46
A18: 17 | B18: 胡贾琦 | C18: 1242 | D18: ==VLOOKUP(B18,[1]在校生综合信息查询!$A$519:$C$591,2,0) -> 25q710201178 | E18: 21 | F18: 20 | G18: 25 | H18: 10 | I18: 30
A19: 18 | B19: 黄玲 | C19: 1258 | D19: ==VLOOKUP(B19,[1]在校生综合信息查询!$A$519:$C$591,2,0) -> #N/A | E19: 12 | F19: 16 | G19: 18.5 | H19: 18 | I19: 28
A20: 19 | B20: 黄森磊 | C20: 1205 | D20: ==VLOOKUP(B20,[1]在校生综合信息查询!$A$519:$C$591,2,0) -> 25q710201131 | E20: 36 | F20: 36 | G20: 23 | H20: 30 | I20: 45
A21: 20 | B21: 黄宇诗 | C21: 1238 | D21: ==VLOOKUP(B21,[1]在校生综合信息查询!$A$519:$C$591,2,0) -> 25q710201173 | E21: 44 | F21: 28 | G21: 24.5 | H21: 63 | I21: 80
A22: 21 | B22: 简晨曦 | C22: 1245 | D22: ==VLOOKUP(B22,[1]在校生综合信息查询!$A$519:$C$591,2,0) -> 25q710103288 | E22: 21 | F22: 20 | G22: 12.5 | H22: 26 | I22: 32
A23: 22 | B23: 金鑫磊 | C23: 1236 | D23: ==VLOOKUP(B23,[1]在校生综合信息查询!$A$519:$C$591,2,0) -> 25q710201171 | E23: 6 | F23: 16 | G23: 15 | H23: 15 | I23: 36
A24: 23 | B24: 李航宇 | C24: 1210 | D24: ==VLOOKUP(B24,[1]在校生综合信息查询!$A$519:$C$591,2,0) -> 25q710201137 | E24: 64 | F24: 36 | G24: 22 | H24: 43 | I24: 56
A25: 24 | B25: 李诗杨 | C25: 1204 | D25: ==VLOOKUP(B25,[1]在校生综合信息查询!$A$519:$C$591,2,0) -> 25q710201130 | E25: 39 | F25: 24 | G25: 23.5 | H25: 46 | I25: 48
... A48: 47 | B48: 许恒歌 | C48: 1218 | D48: ==VLOOKUP(B48,[1]在校生综合信息查询!$A$519:$C$591,2,0) -> 25q710103275 | E48: 21 | F48: 12 | G48: 18.5 | H48: 20 | I48: 37
A49: 48 | B49: 严懿宸 | C49: 1196 | D49: ==VLOOKUP(B49,[1]在校生综合信息查询!$A$519:$C$591,2,0) -> 25q710201099 | E49: 0 | F49: 0 | G49: 0 | I49: 0
A50: 49 | B50: 杨文琴 | C50: 1249 | D50: ==VLOOKUP(B50,[1]在校生综合信息查询!$A$519:$C$591,2,0) -> 25q710201145 | E50: 47 | F50: 20 | G50: 23 | H50: 41 | I50: 48
A51: 50 | B51: 杨曦 | C51: 1201 | D51: ==VLOOKUP(B51,[1]在校生综合信息查询!$A$519:$C$591,2,0) -> 25q710201154 | E51: 34 | F51: 12 | G51: 20.5 | H51: 35 | I51: 41
A52: 51 | B52: 尹淅瑶 | C52: 1248 | D52: ==VLOOKUP(B52,[1]在校生综合信息查询!$A$519:$C$591,2,0) -> 25q710201123 | E52: 66 | F52: 48 | G52: 58 | H52: 50 | I52: 56
A53: 52 | B53: 余爱杨 | C53: 1221 | D53: ==VLOOKUP(B53,[1]在校生综合信息查询!$A$519:$C$591,2,0) -> 25q710201140 | E53: 0 | F53: 20 | G53: 17.5 | H53: 16 | I53: 36
A54: 53 | B54: 余承熹 | C54: 1215 | D54: ==VLOOKUP(B54,[1]在校生综合信息查询!$A$519:$C$591,2,0) -> 25q710201121 | E54: 62 | F54: 48 | G54: 41.5 | H54: 49 | I54: 56
A55: 54 | B55: 余东洋 | C55: 1250 | D55: ==VLOOKUP(B55,[1]在校生综合信息查询!$A$519:$C$591,2,0) -> 25q710201148 | E55: 42 | F55: 20 | G55: 31.5 | H55: 22 | I55: 41
A56: 55 | B56: 余富成 | C56: 1206 | D56: ==VLOOKUP(B56,[1]在校生综合信息查询!$A$519:$C$591,2,0) -> 25q710201161 | E56: 50 | F56: 20 | G56: 14.5 | H56: 50 | I56: 56
A57: 56 | B57: 余静 | C57: 1229 | D57: ==VLOOKUP(B57,[1]在校生综合信息查询!$A$519:$C$591,2,0) -> 25q710201146 | E57: 38 | F57: 12 | G57: 17.5 | H57: 58 | I57: 62
A58: 57 | B58: 袁宇薇 | C58: 1251 | D58: ==VLOOKUP(B58,[1]在校生综合信息查询!$A$519:$C$591,2,0) -> 25q710201122 | E58: 62 | F58: 60 | G58: 58.5 | H58: 54 | I58: 54
A59: 58 | B59: 袁长帅 | C59: 1202 | D59: ==VLOOKUP(B59,[1]在校生综合信息查询!$A$519:$C$591,2,0) -> 25q770303007 | E59: 9 | F59: 16 | G59: 24.5 | H59: 20 | I59: 30
A60: 59 | B60: 张贝依 | D60: ==VLOOKUP(B60,[1]在校生综合信息查询!$A$519:$C$591,2,0) -> 25q710201127 | E60: 0 | F60: 0 | G60: 0 | I60: 0
A61: 60 | B61: 张猛淋 | D61: ==VLOOKUP(B61,[1]在校生综合信息查询!$A$519:$C$591,2,0) -> 25q710201107 | E61: 67 | F61: 28 | G61: 13.5 | H61: 50 | I61: 52
A62: 61 | B62: 张诗敏 | D62: ==VLOOKUP(B62,[1]在校生综合信息查询!$A$519:$C$591,2,0) -> 25q710201149 | E62: 52 | F62: 16 | G62: 10.5 | H62: 49 | I62: 44
A63: 62 | B63: 张诗琪 | D63: ==VLOOKUP(B63,[1]在校生综合信息查询!$A$519:$C$591,2,0) -> 25q710201143 | E63: 46 | F63: 20 | G63: 19 | H63: 24 | I63: 50
A64: 63 | B64: 赵骧羽 | D64: ==VLOOKUP(B64,[1]在校生综合信息查询!$A$519:$C$591,2,0) -> 25q710201110 | E64: 55 | F64: 8 | G64: 58.5 | H64: 47 | I64: 47
A65: 64 | B65: 赵雨轩 | D65: ==VLOOKUP(B65,[1]在校生综合信息查询!$A$519:$C$591,2,0) -> 25q710201132 | E65: 43 | F65: 20 | G65: 18 | H65: 43 | I65: 33
A66: 65 | B66: 赵苑 | D66: ==VLOOKUP(B66,[1]在校生综合信息查询!$A$519:$C$591,2,0) -> 25q710201159 | E66: 48 | F66: 38 | G66: 18.5 | H66: 68 | I66: 56
A67: 66 | B67: 朱悦成 | D67: ==VLOOKUP(B67,[1]在校生综合信息查询!$A$519:$C$591,2,0) -> 25q710201116 | E67: 28 | F67: 20 | G67: 49.5 | H67: 56 | I67: 46
A68: 67 | B68: 祝元璋 | D68: ==VLOOKUP(B68,[1]在校生综合信息查询!$A$519:$C$591,2,0) -> 25q710201128 | E68: 58 | F68: 44 | G68: 28.5 | H68: 48 | I68: 51

Sheet 25级计算机本方班
A1: 序号 | B1: 姓名 | C1: 考号 | D1: 学号 | E1: 语文 | F1: 数学 | G1: 英语 | H1: 办公软件应用 | I1: 信息技术应用基础 | J1: 总分 | K1: 排名
A2: 1 | B2: 曾家苗 | C2: 1839 | D2: ==VLOOKUP(B2,[1]在校生综合信息查询!$A$592:$C$648,2,0) -> 25q710201117 | E2: 56 | F2: 76 | G2: 58 | H2: 59 | I2: 53 | J2: ==SUM(E2,F2,G2,H2,I2) -> 302 | K2: ==RANK(J2,$J$2:$J$58,0) -> 34
A3: 2 | B3: 曾欣雨 | C3: 1840 | D3: ==VLOOKUP(B3,[1]在校生综合信息查询!$A$592:$C$648,2,0) -> 25q710201118 | E3: 100 | F3: 79 | G3: 34 | H3: 78 | I3: 68 | J3: ==SUM(E3,F3,G3,H3,I3) -> 359 | K3: ==RANK(J3,$J$2:$J$58,0) -> 8
A4: 3 | B4: 陈雅薇 | C4: 1794 | D4: ==VLOOKUP(B4,[1]在校生综合信息查询!$A$592:$C$648,2,0) -> 25q710201056 | E4: 104 | F4: 52 | G4: 73.5 | H4: 72 | I4: 63 | J4: ==SUM(E4,F4,G4,H4,I4) -> 364.5 | K4: ==RANK(J4,$J$2:$J$58,0) -> 5
A5: 4 | B5: 程澳蕾 | C5: 1795 | D5: ==VLOOKUP(B5,[1]在校生综合信息查询!$A$592:$C$648,2,0) -> 25q710201057 | E5: 60 | F5: 36 | G5: 0 | I5: 0 | J5: ==SUM(E5,F5,G5,H5,I5) -> 96 | K5: ==RANK(J5,$J$2:$J$58,0) -> 55
A6: 5 | B6: 杜萧雅 | C6: 1796 | D6: ==VLOOKUP(B6,[1]在校生综合信息查询!$A$592:$C$648,2,0) -> 25q710201058 | E6: 69 | F6: 16 | G6: 30.5 | H6: 50 | I6: 65 | J6: ==SUM(E6,F6,G6,H6,I6) -> 230.5 | K6: ==RANK(J6,$J$2:$J$58,0) -> 48
A7: 6 | B7: 冯韵涵 | C7: 1797 | D7: ==VLOOKUP(B7,[1]在校生综合信息查询!$A$592:$C$648,2,0) -> 25q710201059 | E7: 77 | F7: 27 | G7: 34.5 | H7: 42 | I7: 65 | J7: ==SUM(E7,F7,G7,H7,I7) -> 245.5 | K7: ==RANK(J7,$J$2:$J$58,0) -> 46
A8: 7 | B8: 付海岭 | C8: 1798 | D8: ==VLOOKUP(B8,[1]在校生综合信息查询!$A$592:$C$648,2,0) -> 25q710201060 | E8: 79 | F8: 56 | G8: 60.5 | H8: 55 | I8: 70 | J8: ==SUM(E8,F8,G8,H8,I8) -> 320.5 | K8: ==RANK(J8,$J$2:$J$58,0) -> 27
A9: 8 | B9: 龚宁 | C9: 1799 | D9: ==VLOOKUP(B9,[1]在校生综合信息查询!$A$592:$C$648,2,0) -> 25q710201061 | E9: 38 | F9: 28 | G9: 53 | H9: 47 | I9: 41 | J9: ==SUM(E9,F9,G9,H9,I9) -> 207 | K9: ==RANK(J9,$J$2:$J$58,0) -> 50
A10: 9 | B10: 郭锦瑶 | C10: 1792 | D10: ==VLOOKUP(B10,[1]在校生综合信息查询!$A$592:$C$648,2,0) -> 24q710103189 | E10: 107 | F10: 123 | G10: 73 | H10: 88 | I10: 75 | J10: ==SUM(E10,F10,G10,H10,I10) -> 466 | K10: ==RANK(J10,$J$2:$J$58,0) -> 1
A11: 10 | B11: 郭柳盛 | C11: 1800 | D11: ==VLOOKUP(B11,[1]在校生综合信息查询!$A$592:$C$648,2,0) -> 25q710201063 | E11: 82 | F11: 25 | G11: 39.5 | H11: 81 | I11: 60 | J11: ==SUM(E11,F11,G11,H11,I11) -> 287.5 | K11: ==RANK(J11,$J$2:$J$58,0) -> 38
A12: 11 | B12: 韩雨娇 | C12: 1841 | D12: ==VLOOKUP(B12,[1]在校生综合信息查询!$A$592:$C$648,2,0) -> 25q710201064 | E12: 0 | F12: 0 | G12: 0 | I12: 0 | J12: ==SUM(E12,F12,G12,H12,I12) -> 0 | K12: ==RANK(J12,$J$2:$J$58,0) -> 57
A13: 12 | B13: 何荟颖 | C13: 1842 | D13: ==VLOOKUP(B13,[1]在校生综合信息查询!$A$592:$C$648,2,0) -> 25q710201065 | E13: 75 | F13: 102 | G13: 63 | H13: 77 | I13: 84 | J13: ==SUM(E13,F13,G13,H13,I13) -> 401 | K13: ==RANK(J13,$J$2:$J$58,0) -> 2
A14: 13 | B14: 侯雅琴 | C14: 1801 | D14: ==VLOOKUP(B14,[1]在校生综合信息查询!$A$592:$C$648,2,0) -> 25q710201067 | E14: 95 | F14: 77 | G14: 49.5 | H14: 68 | I14: 67 | J14: ==SUM(E14,F14,G14,H14,I14) -> 356.5 | K14: ==RANK(J14,$J$2:$J$58,0) -> 10
A15: 14 | B15: 黄玉柳 | C15: 1802 | D15: ==VLOOKUP(B15,[1]在校生综合信息查询!$A$592:$C$648,2,0) -> 25q710201069 | E15: 87 | F15: 115 | G15: 30 | H15: 79 | I15: 70 | J15: ==SUM(E15,F15,G15,H15,I15) -> 381 | K15: ==RANK(J15,$J$2:$J$58,0) -> 3
A16: 15 | B16: 蒋天豪 | C16: 1843 | D16: ==VLOOKUP(B16,[1]在校生综合信息查询!$A$592:$C$648,2,0) -> 25q660103097 | E16: 85 | F16: 98 | G16: 47.5 | H16: 65 | I16: 63 | J16: ==SUM(E16,F16,G16,H16,I16) -> 358.5 | K16: ==RANK(J16,$J$2:$J$58,0) -> 9
A17: 16 | B17: 李晨曦 | C17: 1844 | D17: ==VLOOKUP(B17,[1]在校生综合信息查询!$A$592:$C$648,2,0) -> 25q710103146 | E17: 57 | F17: 24 | G17: 61.5 | H17: 52 | I17: 56 | J17: ==SUM(E17,F17,G17,H17,I17) -> 250.5 | K17: ==RANK(J17,$J$2:$J$58,0) -> 45
A18: 17 | B18: 李璟洋 | C18: 1803 | D18: ==VLOOKUP(B18,[1]在校生综合信息查询!$A$592:$C$648,2,0) -> 25q710201070 | E18: 72 | F18: 24 | G18: 65.5 | H18: 83 | I18: 66 | J18: ==SUM(E18,F18,G18,H18,I18) -> 310.5 | K18: ==RANK(J18,$J$2:$J$58,0) -> 33
A19: 18 | B19: 李璐邑 | C19: 1804 | D19: ==VLOOKUP(B19,[1]在校生综合信息查询!$A$592:$C$648,2,0) -> 25q710201071 | E19: 77 | F19: 35 | G19: 23 | H19: 68 | I19: 61 | J19: ==SUM(E19,F19,G19,H19,I19) -> 264 | K19: ==RANK(J19,$J$2:$J$58,0) -> 43
A20: 19 | B20: 李想 | C20: 1845 | D20: ==VLOOKUP(B20,[1]在校生综合信息查询!$A$592:$C$648,2,0) -> 25q710201559 | E20: 79 | F20: 40 | G20: 78 | H20: 83 | I20: 69 | J20: ==SUM(E20,F20,G20,H20,I20) -> 349 | K20: ==RANK(J20,$J$2:$J$58,0) -> 13
A21: 20 | B21: 李雨宏 | C21: 1805 | D21: ==VLOOKUP(B21,[1]在校生综合信息查询!$A$592:$C$648,2,0) -> 25q710201072 | E21: 67 | F21: 28 | G21: 15 | H21: 64 | I21: 43 | J21: ==SUM(E21,F21,G21,H21,I21) -> 217 | K21: ==RANK(J21,$J$2:$J$58,0) -> 49
A22: 21 | B22: 刘红玫 | C22: 1806 | D22: ==VLOOKUP(B22,[1]在校生综合信息查询!$A$592:$C$648,2,0) -> 25q710201073 | E22: 89 | F22: 43 | G22: 58 | H22: 62 | I22: 71 | J22: ==SUM(E22,F22,G22,H22,I22) -> 323 | K22: ==RANK(J22,$J$2:$J$58,0) -> 26
A23: 22 | B23: 刘红艳 | C23: 1807 | D23: ==VLOOKUP(B23,[1]在校生综合信息查询!$A$592:$C$648,2,0) -> 25q710201074 | E23: 95 | F23: 68 | G23: 29 | H23: 68 | I23: 67 | J23: ==SUM(E23,F23,G23,H23,I23) -> 327 | K23: ==RANK(J23,$J$2:$J$58,0) -> 24
A24: 23 | B24: 刘晓荟 | C24: 1808 | D24: ==VLOOKUP(B24,[1]在校生综合信息查询!$A$592:$C$648,2,0) -> 25q710201075 | E24: 90 | F24: 47 | G24: 55.5 | H24: 79 | I24: 65 | J24: ==SUM(E24,F24,G24,H24,I24) -> 336.5 | K24: ==RANK(J24,$J$2:$J$58,0) -> 20
... A48: 47 | B48: 余沁洨 | C48: 1846 | D48: ==VLOOKUP(B48,[1]在校生综合信息查询!$A$592:$C$648,2,0) -> 25q710201104 | E48: 81 | F48: 25 | G48: 47.5 | H48: 44 | I48: 42 | J48: ==SUM(E48,F48,G48,H48,I48) -> 239.5 | K48: ==RANK(J48,$J$2:$J$58,0) -> 47
A49: 48 | B49: 余思瑶 | D49: ==VLOOKUP(B49,[1]在校生综合信息查询!$A$592:$C$648,2,0) -> 25q710201105 | E49: 86 | F49: 28 | G49: 37 | H49: 75 | I49: 61 | J49: ==SUM(E49,F49,G49,H49,I49) -> 287 | K49: ==RANK(J49,$J$2:$J$58,0) -> 39
A50: 49 | B50: 张景文 | D50: ==VLOOKUP(B50,[1]在校生综合信息查询!$A$592:$C$648,2,0) -> 25q710201106 | E50: 71 | F50: 77 | G50: 73 | H50: 77 | I50: 66 | J50: ==SUM(E50,F50,G50,H50,I50) -> 364 | K50: ==RANK(J50,$J$2:$J$58,0) -> 6
A51: 50 | B51: 张筱芮 | D51: ==VLOOKUP(B51,[1]在校生综合信息查询!$A$592:$C$648,2,0) -> 25q710201108 | E51: 76 | F51: 48 | G51: 57 | H51: 61 | I51: 54 | J51: ==SUM(E51,F51,G51,H51,I51) -> 296 | K51: ==RANK(J51,$J$2:$J$58,0) -> 35
A52: 51 | B52: 张欣欣 | D52: ==VLOOKUP(B52,[1]在校生综合信息查询!$A$592:$C$648,2,0) -> 25q710201109 | E52: 85 | F52: 51 | G52: 52 | H52: 79 | I52: 57 | J52: ==SUM(E52,F52,G52,H52,I52) -> 324 | K52: ==RANK(J52,$J$2:$J$58,0) -> 25
A53: 52 | B53: 赵雨馨 | D53: ==VLOOKUP(B53,[1]在校生综合信息查询!$A$592:$C$648,2,0) -> 25q710201111 | E53: 92 | F53: 73 | G53: 40.5 | H53: 76 | I53: 61 | J53: ==SUM(E53,F53,G53,H53,I53) -> 342.5 | K53: ==RANK(J53,$J$2:$J$58,0) -> 18
A54: 53 | B54: 周诗琪 | D54: ==VLOOKUP(B54,[1]在校生综合信息查询!$A$592:$C$648,2,0) -> 25q710201112 | E54: 97 | F54: 64 | G54: 69.5 | H54: 74 | I54: 58 | J54: ==SUM(E54,F54,G54,H54,I54) -> 362.5 | K54: ==RANK(J54,$J$2:$J$58,0) -> 7
A55: 54 | B55: 周希 | D55: ==VLOOKUP(B55,[1]在校生综合信息查询!$A$592:$C$648,2,0) -> 25q710201113 | E55: 90 | F55: 56 | G55: 53 | H55: 68 | I55: 66 | J55: ==SUM(E55,F55,G55,H55,I55) -> 333 | K55: ==RANK(J55,$J$2:$J$58,0) -> 22
A56: 55 | B56: 周芯茹 | D56: ==VLOOKUP(B56,[1]在校生综合信息查询!$A$592:$C$648,2,0) -> 25q710201115 | E56: 58 | F56: 48 | G56: 36.5 | H56: 73 | I56: 65 | J56: ==SUM(E56,F56,G56,H56,I56) -> 280.5 | K56: ==RANK(J56,$J$2:$J$58,0) -> 41
A57: 56 | B57: 周榆涵 | D57: ==VLOOKUP(B57,[1]在校生综合信息查询!$A$592:$C$648,2,0) -> 25q710201557 | E57: 55 | F57: 20 | G57: 29 | H57: 37 | I57: 43 | J57: ==SUM(E57,F57,G57,H57,I57) -> 184 | K57: ==RANK(J57,$J$2:$J$58,0) -> 53
A58: 57 | B58: 王智雨 | H58: 32 | I58: 0 | J58: ==SUM(E58,F58,G58,H58,I58) -> 32 | K58: ==RANK(J58,$J$2:$J$58,0) -> 56

Sheet 25级计算机职普融通班
A1: 序号 | B1: 姓名 | C1: 考号 | D1: 学号 | E1: 语文 | F1: 数学 | G1: 英语 | H1: 办公软件应用 | I1: 信息技术应用基础 | J1: 总分 | K1: 排名
A2: 1 | B2: 陈慕涵 | C2: 1041 | D2: ==VLOOKUP(B2,[1]在校生综合信息查询!$A$649:$C$700,2,0) -> 25q710201041 | E2: 71 | F2: 20 | G2: 69 | H2: 74 | I2: 68 | J2: 302 | K2: 20
A3: 2 | B3: 陈怡茹 | C3: 1034 | D3: ==VLOOKUP(B3,[1]在校生综合信息查询!$A$649:$C$700,2,0) -> 25q710201034 | E3: 69 | F3: 5 | G3: 45.5 | H3: 74 | I3: 67 | J3: 191.5 | K3: 49
A4: 3 | B4: 陈玉玲 | C4: 1051 | D4: ==VLOOKUP(B4,[1]在校生综合信息查询!$A$649:$C$700,2,0) -> 25q710201053 | E4: 75 | F4: 15 | G4: 32.5 | H4: 38 | I4: 42 | J4: 202.5 | K4: 48
A5: 4 | B5: 代彦玲 | C5: 1025 | D5: ==VLOOKUP(B5,[1]在校生综合信息查询!$A$649:$C$700,2,0) -> 25q710201025 | E5: 85 | F5: 76 | G5: 47.5 | H5: 86 | I5: 69 | J5: 363.5 | K5: 3
A6: 5 | B6: 底汶静 | C6: 1047 | D6: ==VLOOKUP(B6,[1]在校生综合信息查询!$A$649:$C$700,2,0) -> 25q710201049 | E6: 63 | F6: 64 | G6: 44.5 | H6: 80 | I6: 75 | J6: 326.5 | K6: 12
A7: 6 | B7: 丁雅琪 | C7: 1024 | D7: ==VLOOKUP(B7,[1]在校生综合信息查询!$A$649:$C$700,2,0) -> 25q710201024 | E7: 59 | F7: 15 | G7: 75.5 | H7: 62 | I7: 51 | J7: 262.5 | K7: 39
A8: 7 | B8: 冯恋夕 | C8: 1029 | D8: ==VLOOKUP(B8,[1]在校生综合信息查询!$A$649:$C$700,2,0) -> 25q710201029 | E8: 74 | F8: 33 | G8: 52.5 | H8: 73 | I8: 84 | J8: 316.5 | K8: 15
A9: 8 | B9: 冯小蔓 | C9: 1014 | D9: ==VLOOKUP(B9,[1]在校生综合信息查询!$A$649:$C$700,2,0) -> 25q710201014 | E9: 71 | F9: 35 | G9: 72.5 | H9: 75 | I9: 70 | J9: 323.5 | K9: 13
A10: 9 | B10: 官思池 | C10: 1018 | D10: ==VLOOKUP(B10,[1]在校生综合信息查询!$A$649:$C$700,2,0) -> 25q710201018 | E10: 74 | F10: 67 | G10: 85 | H10: 64 | I10: 79 | J10: 369 | K10: 2
A11: 10 | B11: 韩晨夕雅 | C11: 1032 | D11: ==VLOOKUP(B11,[1]在校生综合信息查询!$A$649:$C$700,2,0) -> 25q710201032 | E11: 85.5 | F11: 69 | G11: 39 | H11: 82 | I11: 73 | J11: 348.5 | K11: 6
A12: 11 | B12: 何嘉欣 | C12: 1023 | D12: ==VLOOKUP(B12,[1]在校生综合信息查询!$A$649:$C$700,2,0) -> 25q710201023 | E12: 75 | F12: 24 | G12: 44.5 | H12: 71 | I12: 41 | J12: 255.5 | K12: 42
A13: 12 | B13: 姜程睿 | C13: 1010 | D13: ==VLOOKUP(B13,[1]在校生综合信息查询!$A$649:$C$700,2,0) -> 25q710201010 | E13: 70 | F13: 10 | G13: 25.5 | H13: 62 | I13: 65 | J13: 232.5 | K13: 45
... A27: 26 | B27: 刘佳敏 | C27: 1033 | D27: ==VLOOKUP(B27,[1]在校生综合信息查询!$A$649:$C$700,2,0) -> 25q710201033 | E27: 75 | F27: 27 | G27: 51 | H27: 76 | I27: 65 | J27: 294 | K27: 25
A28: 27 | B28: 刘金鑫 | C28: 1003 | D28: ==VLOOKUP(B28,[1]在校生综合信息查询!$A$649:$C$700,2,0) -> 25q710201003 | E28: 0 | F28: 0 | G28: 0 | I28: 0 | J28: 0 | K28: 50
A29: 28 | B29: 刘鑫燕 | C29: 1021 | D29: ==VLOOKUP(B29,[1]在校生综合信息查询!$A$649:$C$700,2,0) -> 25q710201021 | E29: 0 | F29: 0 | G29: 0 | I29: 0 | J29: 0 | K29: 51
A30: 29 | B30: 彭思琪 | C30: 1043 | D30: ==VLOOKUP(B30,[1]在校生综合信息查询!$A$649:$C$700,2,0) -> 25q710201044 | E30: 75 | F30: 20 | G30: 44.5 | H30: 74 | I30: 66 | J30: 279.5 | K30: 31
A31: 30 | B31: 祁浩宇 | C31: 1007 | D31: ==VLOOKUP(B31,[1]在校生综合信息查询!$A$649:$C$700,2,0) -> 25q710201007 | E31: 68 | F31: 10 | G31: 67.5 | H31: 55 | I31: 64 | J31: 264.5 | K31: 37
A32: 31 | B32: 饶毅凯 | C32: 1001 | D32: ==VLOOKUP(B32,[1]在校生综合信息查询!$A$649:$C$700,2,0) -> 25q710201001 | E32: 59.5 | F32: 26 | G32: 45.5 | H32: 82 | I32: 66 | J32: 279 | K32: 32
A33: 32 | B33: 宋楊 | C33: 1045 | D33: ==VLOOKUP(B33,[1]在校生综合信息查询!$A$649:$C$700,2,0) -> 25q710201046 | E33: 0 | F33: 0 | G33: 0 | I33: 0 | J33: 0 | K33: 52
A34: 33 | B34: 孙小雨 | C34: 1048 | D34: ==VLOOKUP(B34,[1]在校生综合信息查询!$A$649:$C$700,2,0) -> 25q710201050 | E34: 65.5 | F34: 25 | G34: 48.5 | H34: 65 | I34: 65 | J34: 269 | K34: 35
A35: 34 | B35: 唐玉茹 | C35: 1037 | D35: ==VLOOKUP(B35,[1]在校生综合信息查询!$A$649:$C$700,2,0) -> 25q710201037 | E35: 72 | F35: 10 | G35: 45.5 | H35: 83 | I35: 66 | J35: 276.5 | K35: 33
A36: 35 | B36: 万国云 | C36: 1036 | D36: ==VLOOKUP(B36,[1]在校生综合信息查询!$A$649:$C$700,2,0) -> 25q710201009 | E36: 58 | F36: 107 | G36: 15.5 | H36: 84 | I36: 74 | J36: 338.5 | K36: 8
A37: 36 | B37: 汪家戍 | C37: 1050 | D37: ==VLOOKUP(B37,[1]在校生综合信息查询!$A$649:$C$700,2,0) -> 25q710201241 | E37: 82.5 | F37: 11 | G37: 72.5 | H37: 62 | I37: 64 | J37: 292 | K37: 26
A38: 37 | B38: 汪利芳 | C38: 1017 | D38: ==VLOOKUP(B38,[1]在校生综合信息查询!$A$649:$C$700,2,0) -> 25q710201030 | E38: 72.5 | F38: 10 | G38: 40.5 | H38: 74 | I38: 63 | J38: 260 | K38: 40
A39: 38 | B39: 王佳煊 | C39: 1040 | D39: ==VLOOKUP(B39,[1]在校生综合信息查询!$A$649:$C$700,2,0) -> 25q710201011 | E39: 84 | F39: 0 | G39: 39 | H39: 76 | I39: 61 | J39: 260 | K39: 41
A40: 39 | B40: 王露颖 | C40: 1022 | D40: ==VLOOKUP(B40,[1]在校生综合信息查询!$A$649:$C$700,2,0) -> 25q710201019 | E40: 76 | F40: 26 | G40: 74 | H40: 81 | I40: 73 | J40: 330 | K40: 10
A41: 40 | B41: 王宇豪 | C41: 1004 | D41: ==VLOOKUP(B41,[1]在校生综合信息查询!$A$649:$C$700,2,0) -> 25q710201008 | E41: 59 | F41: 19 | G41: 29.5 | H41: 88 | I41: 69 | J41: 264.5 | K41: 38
A42: 41 | B42: 王韵焱 | C42: 1028 | D42: ==VLOOKUP(B42,[1]在校生综合信息查询!$A$649:$C$700,2,0) -> 25q710201035 | E42: 67 | F42: 26 | G42: 57.5 | H42: 69 | I42: 0 | J42: 219.5 | K42: 46
A43: 42 | B43: 王梓萱 | C43: 1049 | D43: ==VLOOKUP(B43,[1]在校生综合信息查询!$A$649:$C$700,2,0) -> 25q710201045 | E43: 74 | F43: 25 | G43: 57.5 | H43: 74 | I43: 60 | J43: 290.5 | K43: 27
A44: 43 | B44: 杨李志 | C44: 1020 | D44: ==VLOOKUP(B44,[1]在校生综合信息查询!$A$649:$C$700,2,0) -> 25q710201013 | E44: 61 | F44: 52 | G44: 54.5 | H44: 81 | I44: 81 | J44: 329.5 | K44: 11
A45: 44 | B45: 袁思露 | D45: ==VLOOKUP(B45,[1]在校生综合信息查询!$A$649:$C$700,2,0) -> 25q710201036 | E45: 86 | F45: 62 | G45: 40.5 | H45: 70 | I45: 83 | J45: 341.5 | K45: 7
A46: 45 | B46: 张芷萱 | D46: ==VLOOKUP(B46,[1]在校生综合信息查询!$A$649:$C$700,2,0) -> 25q710201052 | E46: 77 | F46: 25 | G46: 53 | H46: 51 | I46: 63 | J46: 269 | K46: 34
A47: 46 | B47: 赵佳茹 | D47: ==VLOOKUP(B47,[1]在校生综合信息查询!$A$649:$C$700,2,0) -> 25q710201017 | E47: 68 | F47: 48 | G47: 39 | H47: 68 | I47: 74 | J47: 297 | K47: 24
A48: 47 | B48: 赵可昕 | D48: ==VLOOKUP(B48,[1]在校生综合信息查询!$A$649:$C$700,2,0) -> 25q710201040 | E48: 56 | F48: 10 | G48: 55 | H48: 66 | I48: 53 | J48: 240 | K48: 44
A49: 48 | B49: 钟艾伶 | D49: ==VLOOKUP(B49,[1]在校生综合信息查询!$A$649:$C$700,2,0) -> 25q710201022 | E49: 70 | F49: 55 | G49: 67.5 | H49: 84 | I49: 77 | J49: 353.5 | K49: 4
A50: 49 | B50: 钟文涛 | D50: ==VLOOKUP(B50,[1]在校生综合信息查询!$A$649:$C$700,2,0) -> 25q710201004 | E50: 69 | F50: 30 | G50: 42.5 | H50: 82 | I50: 61 | J50: 284.5 | K50: 28
A51: 50 | B51: 周羽燕 | D51: ==VLOOKUP(B51,[1]在校生综合信息查询!$A$649:$C$700,2,0) -> 25q710201028 | E51: 87 | F51: 57 | G51: 68 | H51: 76 | I51: 62 | J51: 350 | K51: 5
A52: 51 | B52: 周紫伊 | D52: ==VLOOKUP(B52,[1]在校生综合信息查询!$A$649:$C$700,2,0) -> 25q710201051 | E52: 83 | F52: 107 | G52: 52.5 | H52: 72 | I52: 76 | J52: 390.5 | K52: 1
A53: 52 | B53: 朱雯慧 | D53: ==VLOOKUP(B53,[1]在校生综合信息查询!$A$649:$C$700,2,0) -> 25q710201020 | E53: 71 | F53: 20 | G53: 66.5 | H53: 75 | I53: 71 | J53: 303.5 | K53: 19

Sheet 25级旅游班
A1: 序号 | B1: 姓名 | C1: 考号 | D1: 学号 | E1: 语文 | F1: 数学 | G1: 英语 | H1: 旅游概论 | I1: 中国旅游地理 | J1: 餐饮服务与管理 | K1: 总分 | L1: 排名
A2: 1 | B2: 陈梦琦 | C2: 1177 | D2: ==VLOOKUP(B2,[1]在校生综合信息查询!$A$701:$C$752,2,0) -> 25q740101070 | E2: 42 | F2: 24 | G2: 34 | H2: 33 | I2: 31.5 | J2: 32.5
A3: 2 | B3: 邓丽朱 | C3: 1146 | D3: ==VLOOKUP(B3,[1]在校生综合信息查询!$A$701:$C$752,2,0) -> 25q740101008 | E3: 14 | F3: 12 | G3: 23 | H3: 29.5 | I3: 22.5 | J3: 31.5
A4: 3 | B4: 邓雨涵 | C4: 1165 | D4: ==VLOOKUP(B4,[1]在校生综合信息查询!$A$701:$C$752,2,0) -> 25q740101034 | E4: 37 | F4: 15 | G4: 24.5 | H4: 41 | I4: 48 | J4: 51
A5: 4 | B5: 龚虎威 | C5: 1147 | D5: ==VLOOKUP(B5,[1]在校生综合信息查询!$A$701:$C$752,2,0) -> 25q740101009 | E5: 40 | F5: 32 | G5: 33 | H5: 57.5 | I5: 40 | J5: 42
A6: 5 | B6: 龚欣宇 | C6: 1183 | D6: ==VLOOKUP(B6,[1]在校生综合信息查询!$A$701:$C$752,2,0) -> 25q740101024 | E6: 26 | F6: 16 | G6: 18 | H6: 34 | I6: 27 | J6: 33.5
A7: 6 | B7: 龚妍心 | C7: 1148 | D7: ==VLOOKUP(B7,[1]在校生综合信息查询!$A$701:$C$752,2,0) -> 25q740101010 | E7: 0 | F7: 0 | G7: 0 | H7: 0 | I7: 0 | J7: 36.5
A8: 7 | B8: 华璐萱 | C8: 1174 | D8: ==VLOOKUP(B8,[1]在校生综合信息查询!$A$701:$C$752,2,0) -> 25q740101047 | E8: 25 | F8: 24 | G8: 19 | H8: 37 | I8: 53 | J8: 43
A9: 8 | B9: 黄梦佳 | C9: 1149 | D9: ==VLOOKUP(B9,[1]在校生综合信息查询!$A$701:$C$752,2,0) -> 25q740101011 | E9: 50 | F9: 20 | G9: 25.5 | H9: 39.5 | I9: 27 | J9: 41.5
A10: 9 | B10: 黄琬 | C10: 1151 | D10: ==VLOOKUP(B10,[1]在校生综合信息查询!$A$701:$C$752,2,0) -> 25q740101013 | E10: 37 | F10: 4 | G10: 27 | H10: 24.5 | I10: 30 | J10: 7.5
A11: 11 | B11: 黄志红 | C11: 1171 | D11: ==VLOOKUP(B11,[1]在校生综合信息查询!$A$701:$C$752,2,0) -> 25q740101044 | E11: 6 | F11: 12 | G11: 18 | H11: 32 | I11: 36.5 | J11: 21
A12: 12 | B12: 李淏然 | C12: 1189 | D12: ==VLOOKUP(B12,[1]在校生综合信息查询!$A$701:$C$752,2,0) -> #N/A | E12: 6 | F12: 12 | G12: 17.5 | H12: 32 | I12: 31.5 | J12: 12.5
A13: 13 | B13: 李思琦 | C13: 1186 | D13: ==VLOOKUP(B13,[1]在校生综合信息查询!$A$701:$C$752,2,0) -> 25q740101003 | E13: 15 | F13: 0 | G13: 23 | H13: 42.5 | I13: 29.5 | J13: 43.5
... A21: 21 | B21: 吕朝欣 | C21: 1162 | D21: ==VLOOKUP(B21,[1]在校生综合信息查询!$A$701:$C$752,2,0) -> 25q740101030 | E21: 16 | F21: 8 | G21: 16.5 | H21: 27.5 | I21: 36 | J21: 39.5
A22: 22 | B22: 穆号清 | C22: 1164 | D22: ==VLOOKUP(B22,[1]在校生综合信息查询!$A$701:$C$752,2,0) -> 25q740101033 | E22: 6 | F22: 12 | G22: 19 | H22: 35 | I22: 0
A23: 23 | B23: 祁浩冉 | C23: 1168 | D23: ==VLOOKUP(B23,[1]在校生综合信息查询!$A$701:$C$752,2,0) -> 25q740101038 | E23: 69 | F23: 24 | G23: 15 | H23: 56 | I23: 65.5 | J23: 44.5
A24: 24 | B24: 苏逸婷 | C24: 1176 | D24: ==VLOOKUP(B24,[1]在校生综合信息查询!$A$701:$C$752,2,0) -> 25q740101035 | E24: 53 | F24: 25 | G24: 46.5 | H24: 43 | I24: 37 | J24: 55.5
A25: 25 | B25: 唐玉美 | C25: 1160 | D25: ==VLOOKUP(B25,[1]在校生综合信息查询!$A$701:$C$752,2,0) -> 25q740101026 | E25: 0 | F25: 0 | G25: 0 | H25: 0 | I25: 0
A26: 26 | B26: 田佳宏 | C26: 1157 | D26: ==VLOOKUP(B26,[1]在校生综合信息查询!$A$701:$C$752,2,0) -> 25q740101021 | E26: 9 | F26: 20 | G26: 25 | H26: 40 | I26: 10.5 | J26: 31
A27: 27 | B27: 王常贵 | C27: 1154 | D27: ==VLOOKUP(B27,[1]在校生综合信息查询!$A$701:$C$752,2,0) -> 25q740101017 | E27: 9 | F27: 20 | G27: 17.5 | H27: 28 | I27: 25.5 | J27: 35
A28: 28 | B28: 王功运 | C28: 1178 | D28: ==VLOOKUP(B28,[1]在校生综合信息查询!$A$701:$C$752,2,0) -> 25q740101007 | E28: 44 | F28: 28 | G28: 20.5 | H28: 45.5 | I28: 39 | J28: 30.5
A29: 29 | B29: 王竣心 | C29: 1179 | D29: ==VLOOKUP(B29,[1]在校生综合信息查询!$A$701:$C$752,2,0) -> 25q740101062 | E29: 3 | F29: 24 | G29: 20.5 | H29: 30.5 | I29: 0 | J29: 31.5
A30: 30 | B30: 王萌 | C30: 1153 | D30: ==VLOOKUP(B30,[1]在校生综合信息查询!$A$701:$C$752,2,0) -> 25q740101016 | E30: 57 | F30: 24 | G30: 51 | H30: 42.5 | I30: 30.5 | J30: 36.5
A31: 31 | B31: 吴浩冉 | C31: 1191 | D31: ==VLOOKUP(B31,[1]在校生综合信息查询!$A$701:$C$752,2,0) -> #N/A | E31: 6 | F31: 0 | G31: 27.5 | I31: 0
A32: 32 | B32: 吴筱 | C32: 1150 | D32: ==VLOOKUP(B32,[1]在校生综合信息查询!$A$701:$C$752,2,0) -> 25q740101012 | E32: 70 | F32: 46 | G32: 62.5 | H32: 59.5 | I32: 52.5 | J32: 41.5
A33: 33 | B33: 伍军 | C33: 1155 | D33: ==VLOOKUP(B33,[1]在校生综合信息查询!$A$701:$C$752,2,0) -> 25q740101018 | E33: 12 | F33: 20 | G33: 21 | H33: 17.5 | I33: 22.5 | J33: 21.5
A34: 34 | B34: 鲜雨童 | C34: 1185 | D34: ==VLOOKUP(B34,[1]在校生综合信息查询!$A$701:$C$752,2,0) -> 25q740101005 | E34: 35 | F34: 12 | G34: 23 | H34: 43 | I34: 31.5 | J34: 31.5
A35: 35 | B35: 徐蒙蒙 | C35: 1159 | D35: ==VLOOKUP(B35,[1]在校生综合信息查询!$A$701:$C$752,2,0) -> 25q740101020 | E35: 61 | F35: 28 | G35: 36.5 | H35: 74.5 | I35: 79 | J35: 54.5
A36: 36 | B36: 徐梦玲 | C36: 1169 | D36: ==VLOOKUP(B36,[1]在校生综合信息查询!$A$701:$C$752,2,0) -> 202513010130 | E36: 17 | F36: 12 | G36: 25 | H36: 34 | I36: 25 | J36: 12
A37: 37 | B37: 严昔艾 | C37: 1158 | D37: ==VLOOKUP(B37,[1]在校生综合信息查询!$A$701:$C$752,2,0) -> 25q740101001 | E37: 30 | F37: 24 | G37: 22 | H37: 40 | I37: 31.5 | J37: 47.5
A38: 38 | B38: 杨静 | C38: 1180 | D38: ==VLOOKUP(B38,[1]在校生综合信息查询!$A$701:$C$752,2,0) -> 25q740101001 | E38: 12 | F38: 12 | G38: 23 | H38: 34.5 | I38: 33.5 | J38: 33
A39: 39 | B39: 杨明浩 | D39: ==VLOOKUP(B39,[1]在校生综合信息查询!$A$701:$C$752,2,0) -> 25q740101045 | E39: 15 | F39: 12 | G39: 12.5 | H39: 29.5 | I39: 33 | J39: 25
A40: 40 | B40: 杨明涛 | D40: ==VLOOKUP(B40,[1]在校生综合信息查询!$A$701:$C$752,2,0) -> 25q740101012 | E40: 35 | F40: 20 | G40: 24 | H40: 31 | I40: 27 | J40: 34
A41: 41 | B41: 杨欣媛 | D41: ==VLOOKUP(B41,[1]在校生综合信息查询!$A$701:$C$752,2,0) -> 25q740101016 | E41: 50 | F41: 12 | G41: 23 | H41: 33.5 | I41: 28.5 | J41: 28
A42: 42 | B42: 姚恒 | D42: ==VLOOKUP(B42,[1]在校生综合信息查询!$A$701:$C$752,2,0) -> 25q740101027 | E42: 6 | F42: 16 | G42: 17.5 | H42: 32 | I42: 38.5 | J42: 36.5
A43: 43 | B43: 余佳欣 | D43: ==VLOOKUP(B43,[1]在校生综合信息查询!$A$701:$C$752,2,0) -> 25q740101052 | E43: 81 | F43: 20 | G43: 43.5 | H43: 58 | I43: 68 | J43: 57
A44: 44 | B44: 张文纹 | D44: ==VLOOKUP(B44,[1]在校生综合信息查询!$A$701:$C$752,2,0) -> 25q740101025 | E44: 58 | F44: 16 | G44: 35.5 | H44: 45.5 | I44: 26 | J44: 37
A45: 45 | B45: 周涵 | D45: ==VLOOKUP(B45,[1]在校生综合信息查询!$A$701:$C$752,2,0) -> 25q740101040 | E45: 78 | F45: 12 | G45: 33.5 | H45: 44.5 | I45: 35 | J45: 35.5
A46: 46 | B46: 祝鑫童 | D46: ==VLOOKUP(B46,[1]在校生综合信息查询!$A$701:$C$752,2,0) -> 25q740101022 | E46: 28 | F46: 20 | G46: 13 | H46: 33 | I46: 31.5 | J46: 34.5
A47: 47 | B47: 祝雨嘉 | D47: ==VLOOKUP(B47,[1]在校生综合信息查询!$A$701:$C$752,2,0) -> 25q740101006 | E47: 47 | F47: 20 | G47: 73.5 | H47: 55.5 | I47: 36 | J47: 40.5
A48: 48 | B48: 张馨 | H48: 21 | I48: 30 | J48: 23
B49: 黄宇燕 | E49: 20 | F49: 8 | G49: 20

Sheet 25级旅游本方班
A1: 序号 | B1: 姓名 | C1: 考号 | D1: 学号 | E1: 语文 | F1: 数学 | G1: 英语 | H1: 旅游概论 | I1: 中国旅游地理 | J1: 餐饮服务与管理 | K1: 总分 | L1: 排名
A2: 1 | B2: 郭雨欣 | E2: 77 | F2: 106 | G2: 64.5 | H2: 82 | I2: 82 | J2: 75 | K2: 486.5 | L2: 1
A3: 2 | B3: 周紫萱 | E3: 105 | F3: 59 | G3: 83.5 | H3: 64.5 | I3: 73 | J3: 64 | K3: 449 | L3: 2
A4: 3 | B4: 王雅霖 | E4: 94 | F4: 62 | G4: 68.5 | H4: 70.5 | I4: 80 | J4: 72.5 | K4: 447.5 | L4: 3
A5: 4 | B5: 张欣沂 | E5: 88 | F5: 74 | G5: 67.5 | H5: 72 | I5: 67.5 | J5: 66 | K5: 435 | L5: 4
A6: 5 | B6: 曹露菥 | E6: 103 | F6: 122 | G6: 74.5 | H6: 50 | I6: 36 | J6: 46.5 | K6: 432 | L6: 5
A7: 6 | B7: 徐敬茹 | E7: 89 | F7: 100 | G7: 41 | H7: 73 | I7: 71 | J7: 56 | K7: 430 | L7: 6
A8: 7 | B8: 张怡辰 | E8: 98 | F8: 80 | G8: 55.5 | H8: 67.5 | I8: 76 | J8: 43.5 | K8: 420.5 | L8: 7
A9: 8 | B9: 苏鑫航 | E9: 62 | F9: 108 | G9: 41 | H9: 73 | I9: 69.5 | J9: 64 | K9: 417.5 | L9: 8
A10: 9 | B10: 罗馨翊 | E10: 69 | F10: 134 | G10: 51 | H10: 59.5 | I10: 49.5 | J10: 38.5 | K10: 401.5 | L10: 9
A11: 10 | B11: 王卓琳 | E11: 95 | F11: 44 | G11: 48.5 | H11: 68 | I11: 68 | J11: 67 | K11: 390.5 | L11: 10
A12: 11 | B12: 蒋禄婧 | E12: 67 | F12: 38 | G12: 56 | H12: 68 | I12: 65 | J12: 77 | K12: 371 | L12: 11
A13: 12 | B13: 李钰婷 | E13: 79 | F13: 36 | G13: 67 | H13: 66 | I13: 71.5 | J13: 48.5 | K13: 368 | L13: 12
... A23: 22 | B23: 王思杨 | E23: 61 | F23: 69 | G23: 24 | H23: 39 | I23: 60 | J23: 41 | K23: 294 | L23: 22

Sheet 25级汽车检测班
A1: 序号 | B1: 姓名 | C1: 考号 | D1: 学号 | E1: 语文 | F1: 数学 | G1: 英语 | H1: 汽车电工电子基础 | I1: 汽车构造与拆装 | J1: 汽车文化 | K1: 汽车机械基础 | L1: 总分 | M1: 排名
A2: 1 | B2: 曹宇翔 | C2: 1555 | D2: ==VLOOKUP(B2,[1]在校生综合信息查询!$A$774:$C$836,2,0) -> 25q710201224 | E2: 12 | F2: 28 | G2: 0 | H2: 20 | I2: 0 | J2: 24 | K2: 0
A3: 2 | B3: 曾浩冉 | C3: 1560 | D3: ==VLOOKUP(B3,[1]在校生综合信息查询!$A$774:$C$836,2,0) -> 25q710201567 | E3: 49 | F3: 20 | G3: 17.5 | H3: 28 | I3: 58 | J3: 60 | K3: 33
A4: 3 | B4: 曾峻涛 | C4: 1505 | D4: ==VLOOKUP(B4,[1]在校生综合信息查询!$A$774:$C$836,2,0) -> 25q660701003 | E4: 0 | F4: 28 | G4: 18.5 | K4: 0
A5: 4 | B5: 陈浩林 | C5: 1548 | D5: ==VLOOKUP(B5,[1]在校生综合信息查询!$A$774:$C$836,2,0) -> 25q660701050 | E5: 21 | F5: 24 | G5: 23 | H5: 23 | I5: 44 | J5: 12 | K5: 22
A6: 5 | B6: 陈熊 | C6: 1537 | D6: ==VLOOKUP(B6,[1]在校生综合信息查询!$A$774:$C$836,2,0) -> 25q660701036 | E6: 9 | F6: 28 | G6: 14 | H6: 32 | I6: 60 | J6: 58 | K6: 34
A7: 6 | B7: 陈志豪 | C7: 1503 | D7: ==VLOOKUP(B7,[1]在校生综合信息查询!$A$774:$C$836,2,0) -> 25q660701001 | E7: 0 | F7: 8 | G7: 20.5 | H7: 27 | J7: 10 | K7: 20
A8: 7 | B8: 丁宇霖 | C8: 1559 | D8: ==VLOOKUP(B8,[1]在校生综合信息查询!$A$774:$C$836,2,0) -> 2508023 | E8: 61 | F8: 12 | G8: 32.5 | H8: 28 | I8: 64 | J8: 66 | K8: 44
A9: 8 | B9: 杜俊鹏 | C9: 1532 | D9: ==VLOOKUP(B9,[1]在校生综合信息查询!$A$774:$C$836,2,0) -> 25q660701030 | E9: 38 | F9: 44 | G9: 18.5 | H9: 35 | I9: 66 | J9: 44 | K9: 40
A10: 9 | B10: 冯长瑞 | C10: 1504 | D10: ==VLOOKUP(B10,[1]在校生综合信息查询!$A$774:$C$836,2,0) -> 25q660701002 | E10: 9 | F10: 12 | G10: 15.5 | H10: 12 | I10: 30 | J10: 36 | K10: 12
A11: 10 | B11: 龚嘉豪 | C11: 1533 | D11: ==VLOOKUP(B11,[1]在校生综合信息查询!$A$774:$C$836,2,0) -> 25q660701031
A12: 11 | B12: 苟凯祥 | C12: 1529 | D12: ==VLOOKUP(B12,[1]在校生综合信息查询!$A$774:$C$836,2,0) -> 25q660701027 | E12: 6 | F12: 4 | G12: 23.5 | H12: 27 | I12: 38 | J12: 46 | K12: 6
A13: 12 | B13: 顾原源 | C13: 1530 | D13: ==VLOOKUP(B13,[1]在校生综合信息查询!$A$774:$C$836,2,0) -> 25q660701028 | E13: 14 | F13: 8 | G13: 27 | H13: 30 | I13: 38 | J13: 52 | K13: 16
A14: 13 | B14: 韩一平 | C14: 1547 | D14: ==VLOOKUP(B14,[1]在校生综合信息查询!$A$774:$C$836,2,0) -> 25q660701049 | E14: 12 | F14: 8 | G14: 26.5 | H14: 27 | K14: 0
A15: 14 | B15: 何宇宸 | C15: 1544 | D15: ==VLOOKUP(B15,[1]在校生综合信息查询!$A$774:$C$836,2,0) -> 25q660701045
A16: 15 | B16: 侯林讯 | C16: 1549 | D16: ==VLOOKUP(B16,[1]在校生综合信息查询!$A$774:$C$836,2,0) -> 25q660701052 | E16: 6 | F16: 32 | G16: 26 | H16: 19 | K16: 12
A17: 16 | B17: 黄琳珂 | C17: 1542 | D17: ==VLOOKUP(B17,[1]在校生综合信息查询!$A$774:$C$836,2,0) -> 25q660701041 | E17: 16 | F17: 32 | G17: 19.5 | H17: 18 | I17: 32 | J17: 38 | K17: 14
A18: 17 | B18: 黄宇欣 | C18: 1509 | D18: ==VLOOKUP(B18,[1]在校生综合信息查询!$A$774:$C$836,2,0) -> 25q660701007 | E18: 42 | F18: 12 | G18: 54 | H18: 27 | I18: 64 | J18: 52 | K18: 30
A19: 18 | B19: 蒋华杰 | C19: 1531 | D19: ==VLOOKUP(B19,[1]在校生综合信息查询!$A$774:$C$836,2,0) -> 25q660701029 | E19: 6 | F19: 12 | G19: 27 | H19: 18 | I19: 0 | J19: 52 | K19: 16
A20: 19 | B20: 金峻熙 | C20: 1508 | D20: ==VLOOKUP(B20,[1]在校生综合信息查询!$A$774:$C$836,2,0) -> 25q660701006 | E20: 9 | F20: 20 | G20: 17 | H20: 13 | I20: 34 | J20: 32 | K20: 18
A21: 20 | B21: 兰新瑞 | C21: 1502 | D21: ==VLOOKUP(B21,[1]在校生综合信息查询!$A$774:$C$836,2,0) -> 25q660701058 | E21: 16 | F21: 12 | G21: 24 | H21: 17 | I21: 34 | J21: 16 | K21: 14
A22: 21 | B22: 李宝林 | C22: 1524 | D22: ==VLOOKUP(B22,[1]在校生综合信息查询!$A$774:$C$836,2,0) -> 25q660701022 | E22: 3 | F22: 4 | G22: 19 | H22: 29 | I22: 36 | J22: 46 | K22: 28
A23: 22 | B23: 李仁杰 | C23: 1510 | D23: ==VLOOKUP(B23,[1]在校生综合信息查询!$A$774:$C$836,2,0) -> 25q660701008 | E23: 45 | F23: 12 | G23: 25 | H23: 20 | I23: 40 | J23: 38 | K23: 42
A24: 23 | B24: 林荣闯 | C24: 1551 | D24: ==VLOOKUP(B24,[1]在校生综合信息查询!$A$774:$C$836,2,0) -> 25q660701033 | K24: 0
A25: 24 | B25: 凌俊杰 | C25: 1499 | D25: ==VLOOKUP(B25,[1]在校生综合信息查询!$A$774:$C$836,2,0) -> 25q660701055 | E25: 58 | F25: 71 | G25: 18 | H25: 46 | I25: 74 | J25: 66 | K25: 64
A26: 25 | B26: 刘浩楠 | C26: 1557 | D26: ==VLOOKUP(B26,[1]在校生综合信息查询!$A$774:$C$836,2,0) -> 25q710201247
A27: 26 | B27: 刘子豪 | C27: 1523 | D27: ==VLOOKUP(B27,[1]在校生综合信息查询!$A$774:$C$836,2,0) -> 25q660701021 | E27: 42 | F27: 4 | G27: 16.5 | H27: 20 | I27: 38 | J27: 40 | K27: 12
A28: 27 | B28: 任魏 | C28: 1552 | D28: ==VLOOKUP(B28,[1]在校生综合信息查询!$A$774:$C$836,2,0) -> 25q660701043 | F28: 16 | G28: 0 | H28: 23 | K28: 0
A29: 28 | B29: 石宇翔 | C29: 1556 | D29: ==VLOOKUP(B29,[1]在校生综合信息查询!$A$774:$C$836,2,0) -> 25q710201246
A30: 29 | B30: 史竣超 | C30: 1518 | D30: ==VLOOKUP(B30,[1]在校生综合信息查询!$A$774:$C$836,2,0) -> 25q660701016 | E30: 21 | F30: 28 | G30: 12 | H30: 17 | I30: 40 | J30: 40 | K30: 23
A31: 30 | B31: 谭棣文 | C31: 1558 | D31: ==VLOOKUP(B31,[1]在校生综合信息查询!$A$774:$C$836,2,0) -> 25q660103036 | E31: 31 | F31: 12 | G31: 23 | H31: 24 | I31: 50 | J31: 62 | K31: 36
A32: 31 | B32: 汤于洋 | C32: 1525 | D32: ==VLOOKUP(B32,[1]在校生综合信息查询!$A$774:$C$836,2,0) -> 25q660701023 | E32: 43 | F32: 36 | G32: 8.5 | H32: 17 | I32: 44 | J32: 48 | K32: 14
A33: 32 | B33: 田凯皓 | C33: 1513 | D33: ==VLOOKUP(B33,[1]在校生综合信息查询!$A$774:$C$836,2,0) -> 25q660701011 | E33: 14 | F33: 16 | G33: 28 | H33: 28 | I33: 50 | J33: 26 | K33: 14
A34: 33 | B34: 万国雄 | C34: 1519 | D34: ==VLOOKUP(B34,[1]在校生综合信息查询!$A$774:$C$836,2,0) -> 25q660701017 | E34: 39 | F34: 28 | G34: 16 | H34: 47 | I34: 60 | J34: 86
A35: 34 | B35: 万生足 | C35: 1541 | D35: ==VLOOKUP(B35,[1]在校生综合信息查询!$A$774:$C$836,2,0) -> 25q660701040 | E35: 11 | F35: 44 | G35: 24.5 | H35: 15 | I35: 36 | J35: 40 | K35: 8
A36: 35 | B36: 王诚 | C36: 1506 | D36: ==VLOOKUP(B36,[1]在校生综合信息查询!$A$774:$C$836,2,0) -> 25q660701057
A37: 36 | B37: 王焓宇 | C37: 1517 | D37: ==VLOOKUP(B37,[1]在校生综合信息查询!$A$774:$C$836,2,0) -> 25q660701034
A38: 37 | B38: 王棚 | C38: 1538 | D38: ==VLOOKUP(B38,[1]在校生综合信息查询!$A$774:$C$836,2,0) -> 25q660701005
A39: 38 | B39: 王鹏 | C39: 1553 | D39: ==VLOOKUP(B39,[1]在校生综合信息查询!$A$774:$C$836,2,0) -> 25q660701048
A40: 39 | B40: 王天赐 | C40: 1527 | D40: ==VLOOKUP(B40,[1]在校生综合信息查询!$A$774:$C$836,2,0) -> 25q660701054 | E40: 12 | F40: 24 | G40: 29.5 | H40: 24 | I40: 0 | J40: 0 | K40: 0
A41: 40 | B41: 王小虎 | C41: 1540 | D41: ==VLOOKUP(B41,[1]在校生综合信息查询!$A$774:$C$836,2,0) -> 25q660701024 | E41: 16 | F41: 12 | G41: 13.5 | H41: 20 | I41: 32 | J41: 44 | K41: 12
A42: 41 | B42: 王雅民 | C42: 1543 | D42: ==VLOOKUP(B42,[1]在校生综合信息查询!$A$774:$C$836,2,0) -> 25q660701046 | E42: 14 | F42: 12 | G42: 23 | I42: 32 | J42: 22 | K42: 22
A43: 42 | B43: 吴俊鑫 | C43: 1539 | D43: ==VLOOKUP(B43,[1]在校生综合信息查询!$A$774:$C$836,2,0) -> 25q660701013 | H43: 14
A44: 43 | B44: 鲜程程 | C44: 1516 | D44: ==VLOOKUP(B44,[1]在校生综合信息查询!$A$774:$C$836,2,0) -> 25q660701018 | E44: 43 | F44: 47 | G44: 21 | H44: 22 | I44: 40 | J44: 0 | K44: 22
A45: 44 | B45: 鲜宗幸 | C45: 1534 | D45: ==VLOOKUP(B45,[1]在校生综合信息查询!$A$774:$C$836,2,0) -> 25q660701004 | E45: 9 | F45: 16 | G45: 31 | H45: 15 | I45: 18 | J45: 0 | K45: 0
A46: 45 | B46: 许钰潇 | C46: 1536 | D46: ==VLOOKUP(B46,[1]在校生综合信息查询!$A$774:$C$836,2,0) -> 25q660701015 | E46: 52 | F46: 56 | G46: 16 | H46: 21 | I46: 42 | J46: 50 | K46: 31
A47: 46 | B47: 颜家坪 | C47: 1550 | D47: ==VLOOKUP(B47,[1]在校生综合信息查询!$A$774:$C$836,2,0) -> 25q660701037 | E47: 45 | F47: 8 | G47: 26.5 | H47: 28 | I47: 66 | J47: 72 | K47: 50
A48: 47 | B48: 杨崇江 | C48: 1500 | D48: ==VLOOKUP(B48,[1]在校生综合信息查询!$A$774:$C$836,2,0) -> 25q660701044 | E48: 3 | F48: 28 | G48: 23.5 | H48: 15 | I48: 38 | J48: 60 | K48: 12
A49: 48 | B49: 杨鸿川 | C49: 1522 | D49: ==VLOOKUP(B49,[1]在校生综合信息查询!$A$774:$C$836,2,0) -> 25q660701025 | E49: 51 | F49: 28 | G49: 16.5 | H49: 30 | I49: 62 | J49: 80 | K49: 42
A50: 49 | B50: 杨靖超 | C50: 1511 | D50: ==VLOOKUP(B50,[1]在校生综合信息查询!$A$774:$C$836,2,0) -> 25q660701039
A51: 50 | B51: 杨啸林 | C51: 1528 | D51: ==VLOOKUP(B51,[1]在校生综合信息查询!$A$774:$C$836,2,0) -> 25q660701042 | E51: 21 | F51: 24 | G51: 18 | H51: 0 | I51: 0 | J51: 36 | K51: 6
A52: 51 | B52: 尹东旭 | C52: 1512 | D52: ==VLOOKUP(B52,[1]在校生综合信息查询!$A$774:$C$836,2,0) -> 25q660701038 | K52: 0
A53: 52 | B53: 尹芋松 | C53: 1521 | D53: ==VLOOKUP(B53,[1]在校生综合信息查询!$A$774:$C$836,2,0) -> 25q660701014 | E53: 12 | F53: 16 | G53: 16.5 | H53: 42 | I53: 54 | J53: 54 | K53: 34
A54: 53 | B54: 余开海 | C54: 1514 | D54: ==VLOOKUP(B54,[1]在校生综合信息查询!$A$774:$C$836,2,0) -> 25q660701032 | K54: 0
A55: 54 | B55: 余开柱 | D55: ==VLOOKUP(B55,[1]在校生综合信息查询!$A$774:$C$836,2,0) -> 25q660701035 | K55: 0
A56: 55 | B56: 余鑫嵘 | D56: ==VLOOKUP(B56,[1]在校生综合信息查询!$A$774:$C$836,2,0) -> 25q660701053 | E56: 18 | F56: 24 | G56: 20.5 | H56: 38 | I56: 74 | J56: 56 | K56: 28
A57: 56 | B57: 张郴豪 | D57: ==VLOOKUP(B57,[1]在校生综合信息查询!$A$774:$C$836,2,0) -> 25q660701056 | H57: 0
A58: 57 | B58: 张金节 | D58: ==VLOOKUP(B58,[1]在校生综合信息查询!$A$774:$C$836,2,0) -> 25q660701020 | E58: 17 | F58: 20 | G58: 33.5 | H58: 19 | I58: 56 | J58: 50 | K58: 24
A59: 58 | B59: 张颗航 | D59: ==VLOOKUP(B59,[1]在校生综合信息查询!$A$774:$C$836,2,0) -> 25q660701009 | E59: 52 | F59: 40 | G59: 34.5 | H59: 22 | I59: 40 | J59: 44 | K59: 12
A60: 59 | B60: 张玉康 | D60: ==VLOOKUP(B60,[1]在校生综合信息查询!$A$774:$C$836,2,0) -> 25q660701026 | E60: 9 | F60: 12 | G60: 15 | H60: 26 | I60: 40 | J60: 28 | K60: 10
A61: 60 | B61: 张振言 | D61: ==VLOOKUP(B61,[1]在校生综合信息查询!$A$774:$C$836,2,0) -> 25q660701010 | H61: 0 | K61: 0
A62: 61 | B62: 钟章浩 | D62: ==VLOOKUP(B62,[1]在校生综合信息查询!$A$774:$C$836,2,0) -> 25q660701019 | H62: 0 | K62: 0
A63: 62 | B63: 周俊潇 | D63: ==VLOOKUP(B63,[1]在校生综合信息查询!$A$774:$C$836,2,0) -> 25q660701012 | E63: 6 | F63: 36 | G63: 18 | H63: 23 | I63: 40 | J63: 54 | K63: 22

Sheet 25级数控1班
A1: 序号 | B1: 姓名 | C1: 考号 | D1: 学号 | E1: 语文 | F1: 数学 | G1: 英语 | H1: 机械制图 | I1: 金属加工与实训-基础常识与技能训练 | J1: 机械基础 | K1: 电工电子技术与技能 | L1: 总分 | M1: 排名
A2: 1 | B2: 曹瑞杰 | C2: 1564 | D2: ==VLOOKUP(B3,[1]在校生综合信息查询!$A$837:$C$900,2,0) -> 25q660103004 | E2: 6 | F2: 16 | G2: 12.5 | H2: 7 | I2: 28 | J2: 32 | K2: 22 | L2: ==SUM(E2:K2) -> 123.5 | M2: ==RANK(L2,$L$2:$L$65) -> 29
A3: 2 | B3: 曾庆耀 | C3: 1565 | D3: ==VLOOKUP(B4,[1]在校生综合信息查询!$A$837:$C$900,2,0) -> 25q660103005 | E3: 6 | F3: 0 | G3: 14 | H3: 12 | I3: 26 | J3: 16 | K3: 12 | L3: ==SUM(E3:K3) -> 86 | M3: ==RANK(L3,$L$2:$L$65) -> 43
A4: 3 | B4: 陈雅林 | C4: 1566 | D4: ==VLOOKUP(B5,[1]在校生综合信息查询!$A$837:$C$900,2,0) -> 25q660103006 | E4: 12 | F4: 8 | G4: 6 | H4: 8 | I4: 16 | J4: 17 | K4: 6 | L4: ==SUM(E4:K4) -> 73 | M4: ==RANK(L4,$L$2:$L$65) -> 44
A5: 4 | B5: 陈瑜 | C5: 1567 | D5: ==VLOOKUP(B6,[1]在校生综合信息查询!$A$837:$C$900,2,0) -> 25q660103007 | E5: 42 | F5: 20 | G5: 22.5 | H5: 11 | I5: 26 | J5: 34 | K5: 37 | L5: ==SUM(E5:K5) -> 192.5 | M5: ==RANK(L5,$L$2:$L$65) -> 8
A6: 5 | B6: 陈昱林 | C6: 1561 | D6: ==VLOOKUP(B7,[1]在校生综合信息查询!$A$837:$C$900,2,0) -> 25q660103010 | E6: 61 | F6: 51 | G6: 14 | H6: 35 | I6: 20 | J6: 34 | K6: 28 | L6: ==SUM(E6:K6) -> 243 | M6: ==RANK(L6,$L$2:$L$65) -> 4
A7: 6 | B7: 付昊 | C7: 1568 | D7: ==VLOOKUP(B8,[1]在校生综合信息查询!$A$837:$C$900,2,0) -> 25q660103011 | E7: 21 | F7: 12 | G7: 23 | H7: 0 | I7: 0 | J7: 17 | K7: 0 | L7: ==SUM(E7:K7) -> 73 | M7: ==RANK(L7,$L$2:$L$65) -> 44
A8: 7 | B8: 高穆轩 | C8: 1569 | D8: ==VLOOKUP(B9,[1]在校生综合信息查询!$A$837:$C$900,2,0) -> 25q660103012 | E8: 0 | F8: 0 | G8: 0 | H8: 0 | I8: 0 | J8: 缺考 | K8: 0 | L8: ==SUM(E8:K8) -> 0 | M8: ==RANK(L8,$L$2:$L$65) -> 52
A9: 8 | B9: 高余朋 | C9: 1570 | D9: ==VLOOKUP(B10,[1]在校生综合信息查询!$A$837:$C$900,2,0) -> 25q660103013 | E9: 48 | F9: 20 | G9: 19 | H9: 4 | I9: 26 | J9: 35 | K9: 20 | L9: ==SUM(E9:K9) -> 172 | M9: ==RANK(L9,$L$2:$L$65) -> 14
A10: 9 | B10: 韩万有 | C10: 1571 | D10: ==VLOOKUP(B11,[1]在校生综合信息查询!$A$837:$C$900,2,0) -> 25q660103014 | E10: 61 | F10: 51 | G10: 23 | H10: 61 | I10: 21.5 | J10: 37 | K10: 34 | L10: ==SUM(E10:K10) -> 288.5 | M10: ==RANK(L10,$L$2:$L$65) -> 1
A11: 10 | B11: 何铭 | C11: 1572 | D11: ==VLOOKUP(B12,[1]在校生综合信息查询!$A$837:$C$900,2,0) -> 25q660103015 | E11: 52 | F11: 32 | G11: 26.5 | H11: 18 | I11: 25 | J11: 34 | K11: 28 | L11: ==SUM(E11:K11) -> 215.5 | M11: ==RANK(L11,$L$2:$L$65) -> 5
A12: 11 | B12: 何瑞恒 | C12: 1573 | D12: ==VLOOKUP(B13,[1]在校生综合信息查询!$A$837:$C$900,2,0) -> 25q660103017 | E12: 0 | F12: 0 | G12: 0 | H12: 0 | I12: 0 | J12: 缺考 | K12: 0 | L12: ==SUM(E12:K12) -> 0 | M12: ==RANK(L12,$L$2:$L$65) -> 52
A13: 12 | B13: 侯玉凯 | C13: 1574 | D13: ==VLOOKUP(B14,[1]在校生综合信息查询!$A$837:$C$900,2,0) -> 25q660103018 | E13: 25 | F13: 27 | G13: 18.5 | H13: 11 | I13: 28 | J13: 37 | K13: 20 | L13: ==SUM(E13:K13) -> 166.5 | M13: ==RANK(L13,$L$2:$L$65) -> 16
A14: 13 | B14: 胡治宇 | C14: 1562 | D14: ==VLOOKUP(B15,[1]在校生综合信息查询!$A$837:$C$900,2,0) -> 25q660103019 | E14: 49 | F14: 8 | G14: 19..5 | H14: 20 | I14: 27 | J14: 50 | K14: 29 | L14: ==SUM(E14:K14) -> 183 | M14: ==RANK(L14,$L$2:$L$65) -> 10
A15: 14 | B15: 黄树红 | C15: 1575 | D15: ==VLOOKUP(B16,[1]在校生综合信息查询!$A$837:$C$900,2,0) -> 25q660103020 | E15: 0 | F15: 0 | G15: 0 | H15: 0 | I15: 0 | J15: 缺考 | K15: 0 | L15: ==SUM(E15:K15) -> 0 | M15: ==RANK(L15,$L$2:$L$65) -> 52
A16: 15 | B16: 李爱钏 | C16: 1576 | D16: ==VLOOKUP(B17,[1]在校生综合信息查询!$A$837:$C$900,2,0) -> 25q660103021 | E16: 33 | F16: 28 | G16: 23.5 | H16: 23 | I16: 24.5 | J16: 25 | K16: 21 | L16: ==SUM(E16:K16) -> 178 | M16: ==RANK(L16,$L$2:$L$65) -> 12
A17: 16 | B17: 李辰昊 | C17: 1577 | D17: ==VLOOKUP(B18,[1]在校生综合信息查询!$A$837:$C$900,2,0) -> 25q660103022 | E17: 0 | F17: 0 | G17: 0 | H17: 0 | I17: 0 | J17: 缺考 | K17: 0 | L17: ==SUM(E17:K17) -> 0 | M17: ==RANK(L17,$L$2:$L$65) -> 52
A18: 17 | B18: 李恩熙 | C18: 1578 | D18: ==VLOOKUP(B19,[1]在校生综合信息查询!$A$837:$C$900,2,0) -> 25q660103124 | E18: 22 | F18: 12 | G18: 17.5 | H18: 3 | I18: 25 | J18: 34 | K18: 24 | L18: ==SUM(E18:K18) -> 137.5 | M18: ==RANK(L18,$L$2:$L$65) -> 23
A19: 18 | B19: 李鸿涛 | C19: 1620 | D19: ==VLOOKUP(B20,[1]在校生综合信息查询!$A$837:$C$900,2,0) -> 25q660103023 | E19: 16 | F19: 8 | G19: 11.5 | H19: 9 | I19: 16 | J19: 15 | K19: 18 | L19: ==SUM(E19:K19) -> 93.5 | M19: ==RANK(L19,$L$2:$L$65) -> 40
A20: 19 | B20: 李沁霖 | C20: 1579 | D20: ==VLOOKUP(B21,[1]在校生综合信息查询!$A$837:$C$900,2,0) -> 25q660103024 | E20: 0 | F20: 0 | G20: 0 | H20: 0 | I20: 0 | J20: 缺考 | K20: 0 | L20: ==SUM(E20:K20) -> 0 | M20: ==RANK(L20,$L$2:$L$65) -> 52
A21: 20 | B21: 李鑫 | C21: 1580 | D21: ==VLOOKUP(B22,[1]在校生综合信息查询!$A$837:$C$900,2,0) -> 25q660103025 | E21: 6 | F21: 16 | G21: 25.5 | H21: 22 | I21: 22 | J21: 29 | K21: 14 | L21: ==SUM(E21:K21) -> 134.5 | M21: ==RANK(L21,$L$2:$L$65) -> 25
A22: 21 | B22: 李扬 | C22: 1581 | D22: ==VLOOKUP(B23,[1]在校生综合信息查询!$A$837:$C$900,2,0) -> 25q660103026 | E22: 16 | F22: 20 | G22: 17.5 | H22: 11 | I22: 24 | J22: 26 | K22: 24 | L22: ==SUM(E22:K22) -> 138.5 | M22: ==RANK(L22,$L$2:$L$65) -> 21
A23: 22 | B23: 李益勋 | C23: 1582 | D23: ==VLOOKUP(B24,[1]在校生综合信息查询!$A$837:$C$900,2,0) -> 25q660103027 | E23: 28 | F23: 12 | G23: 24.5 | H23: 6 | I23: 27 | J23: 18 | K23: 12 | L23: ==SUM(E23:K23) -> 127.5 | M23: ==RANK(L23,$L$2:$L$65) -> 27
A24: 23 | B24: 凌皓宇 | C24: 1583 | D24: ==VLOOKUP(B25,[1]在校生综合信息查询!$A$837:$C$900,2,0) -> 25q660103028 | E24: 12 | F24: 8 | G24: 28.5 | H24: 10 | I24: 14 | J24: 17 | K24: 30 | L24: ==SUM(E24:K24) -> 119.5 | M24: ==RANK(L24,$L$2:$L$65) -> 33
A25: 24 | B25: 刘栩屹 | C25: 1584 | D25: ==VLOOKUP(B26,[1]在校生综合信息查询!$A$837:$C$900,2,0) -> 25q660103123 | E25: 9 | F25: 8 | G25: 22 | H25: 14 | I25: 17 | J25: 18 | K25: 36 | L25: ==SUM(E25:K25) -> 124 | M25: ==RANK(L25,$L$2:$L$65) -> 28
A26: 25 | B26: 刘艺豪 | C26: 1622 | D26: ==VLOOKUP(B27,[1]在校生综合信息查询!$A$837:$C$900,2,0) -> 25q660103029 | E26: 9 | F26: 12 | G26: 16.5 | H26: 10 | I26: 26 | J26: 22 | K26: 26 | L26: ==SUM(E26:K26) -> 121.5 | M26: ==RANK(L26,$L$2:$L$65) -> 31
A27: 26 | B27: 卢舒成 | C27: 1585 | D27: ==VLOOKUP(B28,[1]在校生综合信息查询!$A$837:$C$900,2,0) -> 25q660103030 | E27: 50 | F27: 36 | G27: 18 | H27: 40 | I27: 33.5 | J27: 40 | K27: 26 | L27: ==SUM(E27:K27) -> 243.5 | M27: ==RANK(L27,$L$2:$L$65) -> 3
A28: 27 | B28: 卢宇轩 | C28: 1586 | D28: ==VLOOKUP(B29,[1]在校生综合信息查询!$A$837:$C$900,2,0) -> 25q660103031 | E28: 24 | F28: 23 | G28: 49.5 | H28: 25 | I28: 37.5 | J28: 46 | K28: 0 | L28: ==SUM(E28:K28) -> 205 | M28: ==RANK(L28,$L$2:$L$65) -> 7
A29: 28 | B29: 邵永浩 | C29: 1587 | D29: ==VLOOKUP(B30,[1]在校生综合信息查询!$A$837:$C$900,2,0) -> 25q660103032 | E29: 9 | F29: 24 | G29: 22 | H29: 9 | I29: 26 | J29: 15 | K29: 16 | L29: ==SUM(E29:K29) -> 121 | M29: ==RANK(L29,$L$2:$L$65) -> 32
A30: 29 | B30: 沈奇林 | C30: 1588 | D30: ==VLOOKUP(B31,[1]在校生综合信息查询!$A$837:$C$900,2,0) -> 25q660103033 | E30: 3 | F30: 12 | G30: 13.5 | H30: 10 | I30: 22 | J30: 22 | K30: 18 | L30: ==SUM(E30:K30) -> 100.5 | M30: ==RANK(L30,$L$2:$L$65) -> 38
A31: 30 | B31: 沈子涵 | C31: 1589 | D31: ==VLOOKUP(B32,[1]在校生综合信息查询!$A$837:$C$900,2,0) -> 25q660103034 | E31: 19 | F31: 24 | G31: 17 | H31: 3 | I31: 26 | J31: 22 | K31: 34 | L31: ==SUM(E31:K31) -> 145 | M31: ==RANK(L31,$L$2:$L$65) -> 18
A32: 31 | B32: 宋开豪 | C32: 1590 | D32: ==VLOOKUP(B33,[1]在校生综合信息查询!$A$837:$C$900,2,0) -> 25q660103035 | E32: 54 | F32: 48 | G32: 39 | H32: 30 | I32: 23.5 | J32: 52 | K32: 26 | L32: ==SUM(E32:K32) -> 272.5 | M32: ==RANK(L32,$L$2:$L$65) -> 2
A33: 32 | B33: 孙浩晨 | C33: 1591 | D33: ==VLOOKUP(B34,[1]在校生综合信息查询!$A$837:$C$900,2,0) -> 25q660103037 | E33: 0 | F33: 0 | G33: 0 | H33: 0 | I33: 0 | J33: 缺考 | K33: 0 | L33: ==SUM(E33:K33) -> 0 | M33: ==RANK(L33,$L$2:$L$65) -> 52
A34: 33 | B34: 唐彧麟 | C34: 1592 | D34: ==VLOOKUP(B35,[1]在校生综合信息查询!$A$837:$C$900,2,0) -> 25q660103038 | E34: 0 | F34: 0 | G34: 0 | H34: 0 | I34: 0 | J34: 缺考 | K34: O | L34: ==SUM(E34:K34) -> 0 | M34: ==RANK(L34,$L$2:$L$65) -> 52
A35: 34 | B35: 万宇宸 | C35: 1593 | D35: ==VLOOKUP(B36,[1]在校生综合信息查询!$A$837:$C$900,2,0) -> 25q660103039 | E35: 4 | F35: 20 | G35: 23 | H35: 16 | I35: 35 | J35: 21 | K35: 18 | L35: ==SUM(E35:K35) -> 137 | M35: ==RANK(L35,$L$2:$L$65) -> 24
A36: 35 | B36: 王彬 | C36: 1602 | D36: ==VLOOKUP(B37,[1]在校生综合信息查询!$A$837:$C$900,2,0) -> 2507047 | E36: 12 | F36: 16 | G36: 21 | H36: 12 | I36: 28 | J36: 13 | K36: 26 | L36: ==SUM(E36:K36) -> 128 | M36: ==RANK(L36,$L$2:$L$65) -> 26
A37: 36 | B37: 王李帅 | C37: 1623 | D37: ==VLOOKUP(B38,[1]在校生综合信息查询!$A$837:$C$900,2,0) -> #N/A | E37: 0 | F37: 28 | G37: 21 | H37: 15 | I37: 0 | J37: 15 | K37: 10 | L37: ==SUM(E37:K37) -> 89 | M37: ==RANK(L37,$L$2:$L$65) -> 41
A38: 37 | B38: 王龙 | C38: 1563 | D38: ==VLOOKUP(B39,[1]在校生综合信息查询!$A$837:$C$900,2,0) -> 25q660103042 | E38: 0 | F38: 0 | G38: 0 | H38: 0 | I38: 0 | J38: 缺考 | K38: 0 | L38: ==SUM(E38:K38) -> 0 | M38: ==RANK(L38,$L$2:$L$65) -> 52
A39: 38 | B39: 王鹏 | C39: 1603 | D39: ==VLOOKUP(B40,[1]在校生综合信息查询!$A$837:$C$900,2,0) -> 25q660103044 | E39: 3 | F39: 36 | G39: 0 | H39: 15 | I39: 6 | J39: 40 | K39: 22 | L39: ==SUM(E39:K39) -> 122 | M39: ==RANK(L39,$L$2:$L$65) -> 30
A40: 39 | B40: 王艺鑫 | C40: 1604 | D40: ==VLOOKUP(B41,[1]在校生综合信息查询!$A$837:$C$900,2,0) -> 25q660103045 | E40: 47 | F40: 41 | G40: 20.5 | H40: 17 | I40: 19 | J40: 40 | K40: 24 | L40: ==SUM(E40:K40) -> 208.5 | M40: ==RANK(L40,$L$2:$L$65) -> 6
A41: 40 | B41: 王永林 | C41: 1605 | D41: ==VLOOKUP(B42,[1]在校生综合信息查询!$A$837:$C$900,2,0) -> 25q660103046 | E41: 16 | F41: 28 | G41: 16 | H41: 14 | I41: 27 | J41: 19 | K41: 24 | L41: ==SUM(E41:K41) -> 144 | M41: ==RANK(L41,$L$2:$L$65) -> 19
A42: 41 | B42: 王宇豪 | C42: 1606 | D42: ==VLOOKUP(B43,[1]在校生综合信息查询!$A$837:$C$900,2,0) -> 25q660103047 | E42: 22 | F42: 12 | G42: 17.5 | H42: 41 | I42: 28 | J42: 50 | K42: 22 | L42: ==SUM(E42:K42) -> 192.5 | M42: ==RANK(L42,$L$2:$L$65) -> 8
A43: 42 | B43: 王宇欢 | C43: 1607 | D43: ==VLOOKUP(B44,[1]在校生综合信息查询!$A$837:$C$900,2,0) -> 25q660103048 | E43: 0 | F43: 0 | G43: 0 | H43: 0 | I43: 0 | J43: 缺考 | K43: 0 | L43: ==SUM(E43:K43) -> 0 | M43: ==RANK(L43,$L$2:$L$65) -> 52
A44: 43 | B44: 吴鲁者 | C44: 1608 | D44: ==VLOOKUP(B45,[1]在校生综合信息查询!$A$837:$C$900,2,0) -> 25q660103049 | E44: 15 | F44: 24 | G44: 19.5 | H44: 15 | I44: 22 | J44: 25 | K44: 29 | L44: ==SUM(E44:K44) -> 149.5 | M44: ==RANK(L44,$L$2:$L$65) -> 17
A45: 44 | B45: 伍浩宇 | C45: 1609 | D45: ==VLOOKUP(B46,[1]在校生综合信息查询!$A$837:$C$900,2,0) -> 25q660103102 | E45: 0 | F45: 20 | G45: 17 | H45: 11 | I45: 17 | J45: 17 | K45: 24 | L45: ==SUM(E45:K45) -> 106 | M45: ==RANK(L45,$L$2:$L$65) -> 37
A46: 45 | B46: 鲜雨衡 | C46: 1610 | D46: ==VLOOKUP(B47,[1]在校生综合信息查询!$A$837:$C$900,2,0) -> 25q660103051 | E46: 50 | F46: 12 | G46: 16.5 | H46: 15 | I46: 22 | J46: 27 | K46: 25 | L46: ==SUM(E46:K46) -> 167.5 | M46: ==RANK(L46,$L$2:$L$65) -> 15
A47: 46 | B47: 辛帮年 | C47: 1611 | D47: ==VLOOKUP(B48,[1]在校生综合信息查询!$A$837:$C$900,2,0) -> 25q660103052 | E47: 0 | F47: 0 | G47: 0 | H47: 0 | I47: 0 | J47: 缺考 | K47: 0 | L47: ==SUM(E47:K47) -> 0 | M47: ==RANK(L47,$L$2:$L$65) -> 52
A48: 47 | B48: 徐帅 | C48: 1621 | D48: ==VLOOKUP(B49,[1]在校生综合信息查询!$A$837:$C$900,2,0) -> 25q660103053 | E48: 0 | F48: 0 | G48: 0 | H48: 0 | I48: 0 | J48: 缺考 | K48: 0 | L48: ==SUM(E48:K48) -> 0 | M48: ==RANK(L48,$L$2:$L$65) -> 52
A49: 48 | B49: 徐涛 | C49: 1612 | D49: ==VLOOKUP(B50,[1]在校生综合信息查询!$A$837:$C$900,2,0) -> 25q660103054 | E49: 9 | F49: 16 | G49: 14.5 | H49: 0 | I49: 0 | J49: 缺考 | K49: 4 | L49: ==SUM(E49:K49) -> 43.5 | M49: ==RANK(L49,$L$2:$L$65) -> 47
A50: 49 | B50: 严文艺 | C50: 1613 | D50: ==VLOOKUP(B51,[1]在校生综合信息查询!$A$837:$C$900,2,0) -> 25q660103055 | E50: 54 | F50: 16 | G50: 14.5 | H50: 15 | I50: 21 | J50: 42 | K50: 20 | L50: ==SUM(E50:K50) -> 182.5 | M50: ==RANK(L50,$L$2:$L$65) -> 11
A51: 50 | B51: 杨炳 | C51: 1614 | D51: ==VLOOKUP(B52,[1]在校生综合信息查询!$A$837:$C$900,2,0) -> 25q660103056 | E51: 9 | F51: 20 | G51: 20.5 | H51: 9 | I51: 24 | J51: 12 | K51: 24 | L51: ==SUM(E51:K51) -> 118.5 | M51: ==RANK(L51,$L$2:$L$65) -> 34
A52: 51 | B52: 杨玉涵 | C52: 1615 | D52: ==VLOOKUP(B53,[1]在校生综合信息查询!$A$837:$C$900,2,0) -> 25q660103057 | E52: 9 | F52: 12 | G52: 0 | H52: 0 | I52: 0 | J52: 缺考 | K52: 0 | L52: ==SUM(E52:K52) -> 21 | M52: ==RANK(L52,$L$2:$L$65) -> 51
A53: 52 | B53: 杨子健 | C53: 1616 | D53: ==VLOOKUP(B54,[1]在校生综合信息查询!$A$837:$C$900,2,0) -> 25q660103058 | E53: 6 | F53: 24 | G53: 18 | H53: 0 | I53: 16 | J53: 23 | K53: 0 | L53: ==SUM(E53:K53) -> 87 | M53: ==RANK(L53,$L$2:$L$65) -> 42
A54: 53 | B54: 余瑞杰 | C54: 1617 | D54: ==VLOOKUP(B55,[1]在校生综合信息查询!$A$837:$C$900,2,0) -> 25q660103059 | E54: 12 | F54: 16 | G54: 12 | H54: 0 | I54: 0 | J54: 缺考 | K54: 0 | L54: ==SUM(E54:K54) -> 40 | M54: ==RANK(L54,$L$2:$L$65) -> 48
A55: 54 | B55: 詹阳 | C55: 1618 | D55: ==VLOOKUP(B56,[1]在校生综合信息查询!$A$837:$C$900,2,0) -> 25q660103060 | E55: 6 | F55: 12 | G55: 19.5 | H55: 20 | I55: 18 | J55: 18 | K55: 20 | L55: ==SUM(E55:K55) -> 113.5 | M55: ==RANK(L55,$L$2:$L$65) -> 36
A56: 55 | B56: 张成毅 | C56: 1619 | D56: ==VLOOKUP(B57,[1]在校生综合信息查询!$A$837:$C$900,2,0) -> 25q710201248 | E56: 0 | F56: 0 | G56: 0 | H56: 0 | I56: 0 | J56: 缺考 | K56: O | L56: ==SUM(E56:K56) -> 0 | M56: ==RANK(L56,$L$2:$L$65) -> 52
A57: 56 | B57: 张浩然 | D57: ==VLOOKUP(B58,[1]在校生综合信息查询!$A$837:$C$900,2,0) -> 25q660103061 | E57: 0 | F57: 0 | G57: 0 | H57: 0 | I57: 0 | J57: 缺考 | K57: 0 | L57: ==SUM(E57:K57) -> 0 | M57: ==RANK(L57,$L$2:$L$65) -> 52
A58: 57 | B58: 张俊博 | D58: ==VLOOKUP(B59,[1]在校生综合信息查询!$A$837:$C$900,2,0) -> 25q660103063 | E58: 0 | F58: 0 | G58: 0 | H58: 0 | I58: 20 | J58: 缺考 | K58: 30 | L58: ==SUM(E58:K58) -> 50 | M58: ==RANK(L58,$L$2:$L$65) -> 46
A59: 58 | B59: 张雨杰 | D59: ==VLOOKUP(B60,[1]在校生综合信息查询!$A$837:$C$900,2,0) -> 25q660103064 | E59: 0 | F59: 0 | G59: 0 | H59: 0 | I59: 20 | J59: 18 | L59: ==SUM(E59:K59) -> 38 | M59: ==RANK(L59,$L$2:$L$65) -> 49
A60: 59 | B60: 张御翔 | D60: ==VLOOKUP(B61,[1]在校生综合信息查询!$A$837:$C$900,2,0) -> 25q660103065 | E60: 9 | F60: 16 | G60: 17 | H60: 10 | I60: 22 | J60: 21 | K60: 22 | L60: ==SUM(E60:K60) -> 117 | M60: ==RANK(L60,$L$2:$L$65) -> 35
A61: 60 | B61: 张源 | D61: ==VLOOKUP(B62,[1]在校生综合信息查询!$A$837:$C$900,2,0) -> 25q660103066 | E61: 9 | F61: 12 | G61: 23 | H61: 12 | I61: 26 | J61: 15 | L61: ==SUM(E61:K61) -> 97 | M61: ==RANK(L61,$L$2:$L$65) -> 39
A62: 61 | B62: 张子扬 | D62: ==VLOOKUP(B63,[1]在校生综合信息查询!$A$837:$C$900,2,0) -> 25q660103068 | E62: 12 | F62: 20 | G62: 19.5 | H62: 15 | I62: 24.5 | J62: 30 | K62: 18 | L62: ==SUM(E62:K62) -> 139 | M62: ==RANK(L62,$L$2:$L$65) -> 20
A63: 62 | B63: 郑熙源 | D63: ==VLOOKUP(B64,[1]在校生综合信息查询!$A$837:$C$900,2,0) -> 25q660103069 | E63: 25 | F63: 8 | G63: 16.5 | H63: 18 | I63: 20 | J63: 23 | K63: 28 | L63: ==SUM(E63:K63) -> 138.5 | M63: ==RANK(L63,$L$2:$L$65) -> 21
A64: 63 | B64: 郑银杰 | D64: ==VLOOKUP(#REF!,[1]在校生综合信息查询!$A$837:$C$900,2,0) -> #REF! | E64: 6 | F64: 0 | G64: 0 | H64: 12 | I64: 0 | J64: 6 | K64: 0 | L64: ==SUM(E64:K64) -> 24 | M64: ==RANK(L64,$L$2:$L$65) -> 50
A65: 64 | B65: 钟玉霖 | E65: 37 | F65: 16 | G65: 26 | H65: 25 | I65: 16 | J65: 39 | K65: 16 | L65: ==SUM(E65:K65) -> 175 | M65: ==RANK(L65,$L$2:$L$65) -> 13
I66: 0

Sheet 25级数控本方班
A1: 序号 | B1: 姓名 | C1: 考号 | D1: 学号 | E1: 语文 | F1: 数学 | G1: 英语 | H1: 机械制图 | I1: 金属加工与实训-基础常识与技能训练 | J1: 机械基础 | K1: 电工电子技术与技能 | L1: 总分 | M1: 排名
A2: 1 | B2: 张晨旭 | E2: 102 | F2: 141 | G2: 85 | H2: 65 | I2: 57 | J2: 70 | K2: 84 | L2: 604 | M2: 1
A3: 2 | B3: 李智研 | E3: 89 | F3: 132 | G3: 52.5 | H3: 69 | I3: 48 | J3: 57 | K3: 66 | L3: 513.5 | M3: 2
A4: 3 | B4: 李一江 | E4: 53 | F4: 131 | G4: 47.5 | H4: 73 | I4: 70 | J4: 72 | K4: 60 | L4: 506.5 | M4: 3
A5: 4 | B5: 文杰 | E5: 79 | F5: 129 | G5: 28.5 | H5: 74 | I5: 45 | J5: 66 | K5: 55 | L5: 476.5 | M5: 4
A6: 5 | B6: 陈磊 | E6: 75 | F6: 107 | G6: 31.5 | H6: 67 | I6: 54.5 | J6: 76 | K6: 56 | L6: 467 | M6: 5
A7: 6 | B7: 梁逸轩 | E7: 82 | F7: 125 | G7: 46 | H7: 42 | I7: 62 | J7: 59 | K7: 48 | L7: 464 | M7: 6
A8: 7 | B8: 刘靖鑫 | E8: 84 | F8: 113 | G8: 65.5 | H8: 41 | I8: 47 | J8: 51 | K8: 56 | L8: 457.5 | M8: 7
A9: 8 | B9: 白凌云 | E9: 86 | F9: 125 | G9: 42 | H9: 44 | I9: 35 | J9: 55 | K9: 44 | L9: 431 | M9: 8
A10: 9 | B10: 刘国禾 | E10: 85 | F10: 132 | G10: 34.5 | H10: 51 | I10: 37 | J10: 46 | K10: 38 | L10: 423.5 | M10: 9
A11: 10 | B11: 何思琦 | E11: 72 | F11: 117 | G11: 55 | H11: 40 | I11: 32 | J11: 60 | K11: 46 | L11: 422 | M11: 10
A12: 11 | B12: 欧乐 | E12: 78 | F12: 115 | G12: 48.5 | H12: 35 | I12: 42 | J12: 57 | K12: 46 | L12: 421.5 | M12: 11
A13: 12 | B13: 邱星豪 | E13: 74 | F13: 118 | G13: 37.5 | H13: 42 | I13: 46 | J13: 68 | K13: 36 | L13: 421.5 | M13: 12
... A48: 47 | B48: 杨盛 | E48: 58 | F48: 16 | G48: 26 | H48: 15 | I48: 30 | J48: 33 | K48: 30 | L48: 208 | M48: 47
A49: 48 | B49: 陈俊佐 | E49: 缺考 | F49: 缺考 | G49: 缺考 | H49: 缺考 | I49: 缺考 | J49: 缺考 | K49: 缺考 | L49: 0 | M49: 48

Sheet 25级运动训练班
A1: 序号 | B1: 姓名 | C1: 考号 | D1: 学号 | E1: 语文 | F1: 数学 | G1: 英语 | H1: 物理 | I1: 化学 | J1: 生物 | K1: 历史 | L1: 地理 | M1: 政治 | N1: 总分 | O1: 排名
A2: 1 | B2: 车俊熙 | C2: 1456 | D2: ==VLOOKUP(B2,[1]在校生综合信息查询!$A$949:$C$997,2,0) -> 25q770303011 | E2: 61 | F2: 25 | G2: 61.5 | H2: 16.5 | I2: 18 | J2: 32 | K2: 35 | L2: 36 | M2: 31
A3: 2 | B3: 陈孟依 | C3: 1473 | D3: ==VLOOKUP(B3,[1]在校生综合信息查询!$A$949:$C$997,2,0) -> 25q770303036 | E3: 50 | F3: 20 | G3: 25 | H3: 7.5 | I3: 12 | J3: 40 | K3: 30 | L3: 33 | M3: 29
A4: 3 | B4: 陈诗杨 | C4: 1474 | D4: ==VLOOKUP(B4,[1]在校生综合信息查询!$A$949:$C$997,2,0) -> 25q770303037 | E4: 19 | F4: 10 | G4: 27 | H4: 12 | I4: 12 | J4: 19 | K4: 19 | L4: 21 | M4: 30
A5: 4 | B5: 代城语 | C5: 1478 | D5: ==VLOOKUP(B5,[1]在校生综合信息查询!$A$949:$C$997,2,0) -> 25q770303043 | E5: 68.5 | F5: 15 | G5: 25.5 | H5: 13.5 | I5: 6 | J5: 20 | K5: 33 | L5: 41 | M5: 43
A6: 5 | B6: 邓会 | C6: 1463 | D6: ==VLOOKUP(B6,[1]在校生综合信息查询!$A$949:$C$997,2,0) -> 25q770303026 | E6: 57 | F6: 5 | G6: 24 | H6: 0 | I6: 29 | J6: 8 | K6: 27 | L6: 24 | M6: 29
A7: 6 | B7: 费嘉齐 | C7: 1459 | D7: ==VLOOKUP(B7,[1]在校生综合信息查询!$A$949:$C$997,2,0) -> 25q770303015 | E7: 17 | F7: 15 | G7: 18 | H7: 10.5 | I7: 9 | J7: 12 | K7: 36 | L7: 37 | M7: 41
A8: 7 | B8: 冯昕缘 | C8: 1475 | D8: ==VLOOKUP(B8,[1]在校生综合信息查询!$A$949:$C$997,2,0) -> 25q770303038 | E8: 8 | F8: 10 | G8: 23 | H8: 14.5 | I8: 4 | J8: 10 | K8: 34 | L8: 18 | M8: 14
A9: 8 | B9: 何飞楊 | C9: 1495 | D9: ==VLOOKUP(B9,[1]在校生综合信息查询!$A$949:$C$997,2,0) -> 25q740101008 | E9: 27 | F9: 10 | G9: 26.5 | H9: 6 | I9: 12 | J9: 14 | K9: 34 | L9: 12 | M9: 27
A10: 9 | B10: 何宇灿 | C10: 1497 | D10: ==VLOOKUP(B10,[1]在校生综合信息查询!$A$949:$C$997,2,0) -> 24q770303009 | E10: 9 | F10: 5 | G10: 24.5 | H10: 13 | I10: 6 | J10: 6 | K10: 9 | L10: 18 | M10: 16
A11: 10 | B11: 黄冀川 | C11: 1453 | D11: ==VLOOKUP(B11,[1]在校生综合信息查询!$A$949:$C$997,2,0) -> 25q770303006 | E11: 14 | F11: 10 | G11: 24.5 | H11: 15 | I11: 16 | J11: 23 | K11: 17 | L11: 28 | M11: 20
A12: 11 | B12: 黄梦达 | C12: 1492 | D12: ==VLOOKUP(B12,[1]在校生综合信息查询!$A$949:$C$997,2,0) -> 25q710103257 | E12: 40 | F12: 20 | G12: 32.5 | H12: 24.5 | I12: 15 | J12: 18 | K12: 43 | L12: 46 | M12: 23
A13: 12 | B13: 黄阳瑞奇 | C13: 1465 | D13: ==VLOOKUP(B13,[1]在校生综合信息查询!$A$949:$C$997,2,0) -> 25q770303028 | E13: 76 | F13: 10 | G13: 27 | H13: 14 | I13: 18 | J13: 23 | K13: 55 | L13: 49 | M13: 31
A14: 13 | B14: 简程康 | C14: 1468 | D14: ==VLOOKUP(B14,[1]在校生综合信息查询!$A$949:$C$997,2,0) -> 25q770303031 | E14: 41 | F14: 84 | G14: 16.5 | H14: 25.5 | I14: 29 | J14: 24 | K14: 32 | L14: 40 | M14: 32
A15: 14 | B15: 江凯文 | C15: 1490 | D15: ==VLOOKUP(B15,[1]在校生综合信息查询!$A$949:$C$997,2,0) -> 25q770303059 | E15: 缺考 | F15: 0 | G15: 0 | H15: 0 | K15: 0 | L15: 0 | M15: 0
A16: 15 | B16: 赖骏东 | C16: 1476 | D16: ==VLOOKUP(B16,[1]在校生综合信息查询!$A$949:$C$997,2,0) -> 25q770303039 | E16: 56.5 | F16: 20 | G16: 25 | H16: 6 | I16: 4 | J16: 14 | K16: 41 | L16: 40 | M16: 23
A17: 16 | B17: 兰芸茜 | C17: 1494 | D17: ==VLOOKUP(B17,[1]在校生综合信息查询!$A$949:$C$997,2,0) -> 25q770303024 | E17: 6 | F17: 10 | G17: 34 | H17: 13.5 | J17: 8 | K17: 23 | L17: 24
A18: 17 | B18: 李晗 | C18: 1498 | D18: ==VLOOKUP(B18,[1]在校生综合信息查询!$A$949:$C$997,2,0) -> 24q770303013 | E18: 6 | F18: 0 | G18: 32 | H18: 6 | I18: 9 | J18: 6 | K18: 8 | L18: 6 | M18: 8
A19: 18 | B19: 李枳伶 | C19: 1487 | D19: ==VLOOKUP(B19,[1]在校生综合信息查询!$A$949:$C$997,2,0) -> 25q770303053 | E19: 49.5 | F19: 25 | G19: 18.5 | H19: 14.5 | I19: 14 | J19: 23 | K19: 35 | L19: 42 | M19: 33
A20: 19 | B20: 廖超俊 | C20: 1493 | D20: ==VLOOKUP(B20,[1]在校生综合信息查询!$A$949:$C$997,2,0) -> #N/A | E20: 52 | F20: 5 | G20: 25 | H20: 20.5 | I20: 12 | J20: 22 | K20: 35 | L20: 39 | M20: 30
A21: 20 | B21: 廖周玉 | C21: 1482 | D21: ==VLOOKUP(B21,[1]在校生综合信息查询!$A$949:$C$997,2,0) -> 25q770303047 | E21: 54 | F21: 15 | G21: 27 | H21: 11.5 | I21: 15 | J21: 12 | K21: 35 | L21: 31 | M21: 31
A22: 21 | B22: 刘洪鑫 | C22: 1491 | D22: ==VLOOKUP(B22,[1]在校生综合信息查询!$A$949:$C$997,2,0) -> 25q770303060 | E22: 缺考 | F22: 0 | G22: 0 | H22: 0 | K22: 0 | L22: 0 | M22: 0
A23: 22 | B23: 刘佳欣 | C23: 1462 | D23: ==VLOOKUP(B23,[1]在校生综合信息查询!$A$949:$C$997,2,0) -> 25q770303023 | E23: 59 | F23: 20 | G23: 32.5 | H23: 12 | I23: 15 | J23: 22 | K23: 26 | L23: 31 | M23: 8
A24: 23 | B24: 刘一杭 | C24: 1489 | D24: ==VLOOKUP(B24,[1]在校生综合信息查询!$A$949:$C$997,2,0) -> 25q770303057 | E24: 45 | F24: 10 | G24: 34.5 | H24: 6 | I24: 12 | J24: 12 | K24: 44 | L24: 29 | M24: 30
A25: 24 | B25: 骆思彤 | C25: 1464 | D25: ==VLOOKUP(B25,[1]在校生综合信息查询!$A$949:$C$997,2,0) -> 25q770303027 | E25: 39.5 | F25: 10 | G25: 50.5 | H25: 21 | I25: 12 | J25: 10 | K25: 36 | L25: 41 | M25: 24
A26: 25 | B26: 马巍 | C26: 1455 | D26: ==VLOOKUP(B26,[1]在校生综合信息查询!$A$949:$C$997,2,0) -> 25q770303010 | E26: 8 | F26: 15 | G26: 27 | H26: 10.5 | I26: 21 | J26: 10 | K26: 11 | L26: 9 | M26: 18
A27: 26 | B27: 彭楷博 | C27: 1477 | D27: ==VLOOKUP(B27,[1]在校生综合信息查询!$A$949:$C$997,2,0) -> 25q770303040 | E27: 37 | F27: 5 | G27: 25 | H27: 21 | I27: 13 | J27: 17 | K27: 23 | L27: 6 | M27: 16
A28: 27 | B28: 沈晓茹 | C28: 1454 | D28: ==VLOOKUP(B28,[1]在校生综合信息查询!$A$949:$C$997,2,0) -> 25q770303009 | E28: 6 | F28: 15 | G28: 28 | H28: 7 | I28: 15 | J28: 13 | K28: 12 | L28: 3 | M28: 25
A29: 28 | B29: 石宇墨 | C29: 1486 | D29: ==VLOOKUP(B29,[1]在校生综合信息查询!$A$949:$C$997,2,0) -> 25q770303052 | E29: 72 | F29: 15 | G29: 27.5 | H29: 19 | I29: 15 | J29: 39 | K29: 30 | L29: 43 | M29: 54
A30: 29 | B30: 宋一鸣 | C30: 1480 | D30: ==VLOOKUP(B30,[1]在校生综合信息查询!$A$949:$C$997,2,0) -> 25q770303045 | E30: 24 | F30: 10 | G30: 13.5 | H30: 3 | I30: 10 | J30: 13 | K30: 39 | L30: 36 | M30: 25
A31: 30 | B31: 童雨欢 | C31: 1484 | D31: ==VLOOKUP(B31,[1]在校生综合信息查询!$A$949:$C$997,2,0) -> 25q770303050 | E31: 14 | F31: 15 | G31: 17.5 | H31: 10 | I31: 15 | J31: 27 | K31: 29 | L31: 21 | M31: 45
A32: 31 | B32: 汪号博 | C32: 1483 | D32: ==VLOOKUP(B32,[1]在校生综合信息查询!$A$949:$C$997,2,0) -> 25q770303049 | E32: 8 | F32: 10 | G32: 13 | H32: 12 | I32: 12 | J32: 10 | K32: 27 | L32: 9 | M32: 8
A33: 32 | B33: 王依然 | C33: 1472 | D33: ==VLOOKUP(B33,[1]在校生综合信息查询!$A$949:$C$997,2,0) -> 25q770303035 | E33: 73 | F33: 10 | G33: 22 | H33: 19 | I33: 10 | J33: 22 | K33: 47 | L33: 56 | M33: 55
A34: 33 | B34: 吴玲君 | C34: 1450 | D34: ==VLOOKUP(B34,[1]在校生综合信息查询!$A$949:$C$997,2,0) -> 25q770303001 | E34: 9 | F34: 5 | G34: 20.5 | H34: 7.5 | I34: 13 | J34: 17 | K34: 24 | L34: 11 | M34: 20
... A41: 40 | B41: 余圣轩 | C41: 1496 | D41: ==VLOOKUP(B41,[1]在校生综合信息查询!$A$949:$C$997,2,0) -> 25q770303014 | E41: 39 | F41: 10 | G41: 20.5 | H41: 21.5 | I41: 15 | J41: 20 | K41: 50 | L41: 46 | M41: 23
A42: 41 | B42: 余姚星 | D42: ==VLOOKUP(B42,[1]在校生综合信息查询!$A$949:$C$997,2,0) -> 25q770303044 | E42: 69 | F42: 5 | G42: 19.5 | H42: 12 | I42: 9 | J42: 10 | K42: 36 | L42: 50 | M42: 33
A43: 42 | B43: 张晨嘉 | D43: ==VLOOKUP(B43,[1]在校生综合信息查询!$A$949:$C$997,2,0) -> 25q770303030 | E43: 25 | F43: 10 | G43: 17.5 | H43: 11.5 | I43: 22 | J43: 15 | K43: 14 | L43: 31 | M43: 22
A44: 43 | B44: 张柯 | D44: ==VLOOKUP(B44,[1]在校生综合信息查询!$A$949:$C$997,2,0) -> 25q770303003 | E44: 75 | F44: 65 | G44: 27.5 | H44: 32.5 | I44: 12 | J44: 35 | K44: 41 | L44: 51 | M44: 48
A45: 44 | B45: 赵友暄 | D45: ==VLOOKUP(B45,[1]在校生综合信息查询!$A$949:$C$997,2,0) -> 25q770303032 | E45: 67 | F45: 62 | G45: 28 | H45: 13.5 | I45: 12 | J45: 14 | K45: 42 | L45: 44 | M45: 39
A46: 45 | B46: 郑文华 | D46: ==VLOOKUP(B46,[1]在校生综合信息查询!$A$949:$C$997,2,0) -> 25q770303051 | E46: 缺考 | F46: 0 | G46: 0 | H46: 0 | K46: 0 | L46: 0 | M46: 0
A47: 46 | B47: 周航宇 | D47: ==VLOOKUP(B47,[1]在校生综合信息查询!$A$949:$C$997,2,0) -> 25q770303020 | E47: 33 | F47: 15 | G47: 24.5 | H47: 6 | I47: 13 | J47: 20 | K47: 10 | L47: 14 | M47: 17
A48: 47 | B48: 周柯池 | D48: ==VLOOKUP(B48,[1]在校生综合信息查询!$A$949:$C$997,2,0) -> 25q770303004 | E48: 30 | F48: 15 | G48: 23 | H48: 12 | I48: 6 | J48: 6 | K48: 21 | L48: 34 | M48: 26
A49: 48 | B49: 朱涛 | D49: ==VLOOKUP(B49,[1]在校生综合信息查询!$A$949:$C$997,2,0) -> 25q770303016 | E49: 67.5 | F49: 10 | G49: 21 | H49: 17 | I49: 24 | J49: 16 | K49: 33 | L49: 44 | M49: 28
A50: 49 | B50: 邹浩然 | D50: ==VLOOKUP(B50,[1]在校生综合信息查询!$A$949:$C$997,2,0) -> XBB2025066 | E50: 65 | F50: 10 | G50: 30.5 | H50: 7.5 | I50: 15 | J50: 26 | K50: 31 | L50: 31 | M50: 32

Sheet 24级茶艺班
A1: 序号 | B1: 姓名 | C1: 考号 | D1: 学号 | E1: 语文 | F1: 数学 | G1: 英语 | H1: 旅游概论 | I1: 前厅服务与管理 | J1: 中国旅游地理 | K1: 餐饮服务与管理 | L1: 总分 | M1: 排名 | N1: 陈思凌 | O1: 49 | P1: 24 | Q1: 35.5
A2: 1 | B2: 曾攀文 | C2: 2240 | D2: ==VLOOKUP(B2,[2]在校生综合信息查询!$A$74:$C$87,2,0) -> 24q740105001 | E2: ==VLOOKUP(B2,$N$1:$Q$13,2,FALSE) -> 6 | F2: ==VLOOKUP(B2,$N$1:$Q$13,3,FALSE) -> 8 | G2: ==VLOOKUP(B2,$N$1:$Q$13,4,FALSE) -> 22 | H2: 32.5 | I2: 39 | J2: 27.5 | K2: 18.5 | L2: ==SUM(E2:K2) -> 153.5 | M2: ==RANK(L2,$L$2:$L$14,0) -> 12 | N2: 徐梦馨 | O2: 16 | P2: 28 | Q2: 25.5
A3: 2 | B3: 陈思凌 | C3: 2241 | D3: ==VLOOKUP(B3,[2]在校生综合信息查询!$A$74:$C$87,2,0) -> 24q740105002 | E3: ==VLOOKUP(B3,$N$1:$Q$13,2,FALSE) -> 49 | F3: ==VLOOKUP(B3,$N$1:$Q$13,3,FALSE) -> 24 | G3: ==VLOOKUP(B3,$N$1:$Q$13,4,FALSE) -> 35.5 | H3: 69 | I3: 66.5 | J3: 52 | K3: 53 | L3: ==SUM(E3:K3) -> 349 | M3: ==RANK(L3,$L$2:$L$14,0) -> 1 | N3: 袁欣 | O3: 47 | P3: 24 | Q3: 46.5
A4: 3 | B4: 成思琦 | C4: 2242 | D4: ==VLOOKUP(B4,[2]在校生综合信息查询!$A$74:$C$87,2,0) -> 24q740105003 | E4: ==VLOOKUP(B4,$N$1:$Q$13,2,FALSE) -> 28 | F4: ==VLOOKUP(B4,$N$1:$Q$13,3,FALSE) -> 12 | G4: ==VLOOKUP(B4,$N$1:$Q$13,4,FALSE) -> 16 | H4: 23 | I4: 47 | J4: 39.5 | K4: 15.5 | L4: ==SUM(E4:K4) -> 181 | M4: ==RANK(L4,$L$2:$L$14,0) -> 9 | N4: 雷蕾 | O4: 35 | P4: 24 | Q4: 17
A5: 4 | B5: 代思语 | C5: 2243 | D5: ==VLOOKUP(B5,[2]在校生综合信息查询!$A$74:$C$87,2,0) -> 24q740105004 | E5: ==VLOOKUP(B5,$N$1:$Q$13,2,FALSE) -> 11 | F5: ==VLOOKUP(B5,$N$1:$Q$13,3,FALSE) -> 16 | G5: ==VLOOKUP(B5,$N$1:$Q$13,4,FALSE) -> 9.5 | H5: 24.5 | I5: 25 | J5: 28.5 | K5: 24.5 | L5: ==SUM(E5:K5) -> 139 | M5: ==RANK(L5,$L$2:$L$14,0) -> 13 | N5: 李思晨 | O5: 21 | P5: 24 | Q5: 19.5
A6: 5 | B6: 雷蕾 | C6: 2244 | D6: ==VLOOKUP(B6,[2]在校生综合信息查询!$A$74:$C$87,2,0) -> 24q740105008 | E6: ==VLOOKUP(B6,$N$1:$Q$13,2,FALSE) -> 35 | F6: ==VLOOKUP(B6,$N$1:$Q$13,3,FALSE) -> 24 | G6: ==VLOOKUP(B6,$N$1:$Q$13,4,FALSE) -> 17 | H6: 21 | I6: 37 | J6: 37.5 | K6: 22 | L6: ==SUM(E6:K6) -> 193.5 | M6: ==RANK(L6,$L$2:$L$14,0) -> 8 | N6: 张词 | O6: 18 | P6: 24 | Q6: 32
A7: 6 | B7: 李思晨 | C7: 2245 | D7: ==VLOOKUP(B7,[2]在校生综合信息查询!$A$74:$C$87,2,0) -> 24q740105010 | E7: ==VLOOKUP(B7,$N$1:$Q$13,2,FALSE) -> 21 | F7: ==VLOOKUP(B7,$N$1:$Q$13,3,FALSE) -> 24 | G7: ==VLOOKUP(B7,$N$1:$Q$13,4,FALSE) -> 19.5 | H7: 35 | I7: 45 | J7: 34 | K7: 31 | L7: ==SUM(E7:K7) -> 209.5 | M7: ==RANK(L7,$L$2:$L$14,0) -> 4 | N7: 袁敏 | O7: 31 | P7: 16 | Q7: 24
A8: 7 | B8: 吕佳芮 | C8: 2246 | D8: ==VLOOKUP(B8,[2]在校生综合信息查询!$A$74:$C$87,2,0) -> 24q740105011 | E8: ==VLOOKUP(B8,$N$1:$Q$13,2,FALSE) -> 22 | F8: ==VLOOKUP(B8,$N$1:$Q$13,3,FALSE) -> 16 | G8: ==VLOOKUP(B8,$N$1:$Q$13,4,FALSE) -> 10.5 | H8: 53 | I8: 30 | J8: 39.5 | K8: 29.5 | L8: ==SUM(E8:K8) -> 200.5 | M8: ==RANK(L8,$L$2:$L$14,0) -> 5 | N8: 成思琦 | O8: 28 | P8: 12 | Q8: 16
A9: 8 | B9: 徐梦馨 | C9: 2247 | D9: ==VLOOKUP(B9,[2]在校生综合信息查询!$A$74:$C$87,2,0) -> 24q740105014 | E9: ==VLOOKUP(B9,$N$1:$Q$13,2,FALSE) -> 16 | F9: ==VLOOKUP(B9,$N$1:$Q$13,3,FALSE) -> 28 | G9: ==VLOOKUP(B9,$N$1:$Q$13,4,FALSE) -> 25.5 | H9: 36.5 | I9: 19 | J9: 21.5 | K9: 18 | L9: ==SUM(E9:K9) -> 164.5 | M9: ==RANK(L9,$L$2:$L$14,0) -> 11 | N9: 曾攀文 | O9: 6 | P9: 8 | Q9: 22
A10: 9 | B10: 杨婷婷 | C10: 2248 | D10: ==VLOOKUP(B10,[2]在校生综合信息查询!$A$74:$C$87,2,0) -> 24q740105015 | E10: ==VLOOKUP(B10,$N$1:$Q$13,2,FALSE) -> 9 | F10: ==VLOOKUP(B10,$N$1:$Q$13,3,FALSE) -> 8 | G10: ==VLOOKUP(B10,$N$1:$Q$13,4,FALSE) -> 20 | H10: 49 | I10: 46.5 | J10: 58.5 | K10: 50.5 | L10: ==SUM(E10:K10) -> 241.5 | M10: ==RANK(L10,$L$2:$L$14,0) -> 3 | N10: 吕佳芮 | O10: 22 | P10: 16 | Q10: 10.5
A11: 10 | B11: 杨轩颖 | C11: 2249 | D11: ==VLOOKUP(B11,[2]在校生综合信息查询!$A$74:$C$87,2,0) -> 24q740105016 | E11: ==VLOOKUP(B11,$N$1:$Q$13,2,FALSE) -> 9 | F11: ==VLOOKUP(B11,$N$1:$Q$13,3,FALSE) -> 16 | G11: ==VLOOKUP(B11,$N$1:$Q$13,4,FALSE) -> 20 | H11: 36.5 | I11: 45 | J11: 44 | K11: 27 | L11: ==SUM(E11:K11) -> 197.5 | M11: ==RANK(L11,$L$2:$L$14,0) -> 6 | N11: 代思语 | O11: 11 | P11: 16 | Q11: 9.5
A12: 11 | B12: 袁敏 | C12: 2250 | D12: ==VLOOKUP(B12,[2]在校生综合信息查询!$A$74:$C$87,2,0) -> 24q740105017 | E12: ==VLOOKUP(B12,$N$1:$Q$13,2,FALSE) -> 31 | F12: ==VLOOKUP(B12,$N$1:$Q$13,3,FALSE) -> 16 | G12: ==VLOOKUP(B12,$N$1:$Q$13,4,FALSE) -> 24 | H12: 23.5 | I12: 40 | J12: 32.5 | K12: 28 | L12: ==SUM(E12:K12) -> 195 | M12: ==RANK(L12,$L$2:$L$14,0) -> 7 | N12: 杨婷婷 | O12: 9 | P12: 8 | Q12: 20
A13: 12 | B13: 袁欣 | C13: 2251 | D13: ==VLOOKUP(B13,[2]在校生综合信息查询!$A$74:$C$87,2,0) -> 24q740105018 | E13: ==VLOOKUP(B13,$N$1:$Q$13,2,FALSE) -> 47 | F13: ==VLOOKUP(B13,$N$1:$Q$13,3,FALSE) -> 24 | G13: ==VLOOKUP(B13,$N$1:$Q$13,4,FALSE) -> 46.5 | H13: 28 | I13: 49 | J13: 31.5 | K13: 33 | L13: ==SUM(E13:K13) -> 259 | M13: ==RANK(L13,$L$2:$L$14,0) -> 2 | N13: 杨轩颖 | O13: 9 | P13: 16 | Q13: 20
A14: 13 | B14: 张词 | C14: 2252 | D14: ==VLOOKUP(B14,[2]在校生综合信息查询!$A$74:$C$87,2,0) -> 24q740105019 | E14: ==VLOOKUP(B14,$N$1:$Q$13,2,FALSE) -> 18 | F14: ==VLOOKUP(B14,$N$1:$Q$13,3,FALSE) -> 24 | G14: ==VLOOKUP(B14,$N$1:$Q$13,4,FALSE) -> 32 | H14: 29 | I14: 38 | J14: 15 | K14: 19 | L14: ==SUM(E14:K14) -> 175 | M14: ==RANK(L14,$L$2:$L$14,0) -> 10

Sheet 24级保育1班
A1: 序号 | B1: 姓名 | C1: 考号 | D1: 学号 | E1: 语文 | F1: 数学 | G1: 英语 | H1: 专业综合成绩（350分） | I1: 总分 | J1: 排名
A2: 1 | B2: 董瑞惜 | C2: 2793 | D2: ==VLOOKUP(B2,[2]在校生综合信息查询!$A$2:$B$41,2,0) -> 24q770101005 | E2: 69 | F2: 42 | G2: 40.5 | H2: 134 | I2: 285.5 | J2: 6
A3: 2 | B3: 范依然 | C3: 2820 | D3: ==VLOOKUP(B3,[2]在校生综合信息查询!$A$2:$B$41,2,0) -> 24q770303006 | E3: 15 | F3: 24 | G3: 10 | H3: 40 | I3: 89 | J3: 29
A4: 3 | B4: 郭迎丽 | C4: 2794 | D4: ==VLOOKUP(B4,[2]在校生综合信息查询!$A$2:$B$41,2,0) -> 24q770101007 | E4: 10 | F4: 24 | G4: 14.5 | H4: 84 | I4: 132.5 | J4: 19
A5: 4 | B5: 韩英姿 | C5: 2795 | D5: ==VLOOKUP(B5,[2]在校生综合信息查询!$A$2:$B$41,2,0) -> 24q770101008 | E5: 12 | F5: 20 | G5: 25.5 | H5: 78 | I5: 135.5 | J5: 17
A6: 5 | B6: 何燕芳 | C6: 2819 | D6: ==VLOOKUP(B6,[2]在校生综合信息查询!$A$2:$B$41,2,0) -> 5107424270623 | E6: 36 | F6: 36 | G6: 26.5 | H6: 165 | I6: 263.5 | J6: 8
A7: 6 | B7: 雷语馨 | C7: 2796 | D7: ==VLOOKUP(B7,[2]在校生综合信息查询!$A$2:$B$41,2,0) -> 24q770101013 | E7: 6 | F7: 16 | G7: 21 | H7: 79 | I7: 122 | J7: 23
A8: 7 | B8: 李兰 | C8: 2797 | D8: ==VLOOKUP(B8,[2]在校生综合信息查询!$A$2:$B$41,2,0) -> 24q770101014 | E8: 42 | F8: 8 | G8: 50 | H8: 162 | I8: 262 | J8: 9
A9: 8 | B9: 李诗宇 | C9: 2798 | D9: ==VLOOKUP(B9,[2]在校生综合信息查询!$A$2:$B$41,2,0) -> 24q770101015 | E9: 19 | F9: 20 | G9: 17.5 | H9: 79 | I9: 135.5 | J9: 17
A10: 9 | B10: 李施怡 | C10: 2799 | D10: ==VLOOKUP(B10,[2]在校生综合信息查询!$A$2:$B$41,2,0) -> 24q770101016 | E10: 11 | F10: 24 | G10: 18.5 | H10: 76 | I10: 129.5 | J10: 22
A11: 10 | B11: 李思源 | C11: 2800 | D11: ==VLOOKUP(B11,[2]在校生综合信息查询!$A$2:$B$41,2,0) -> 24q770101017 | E11: 11 | F11: 16 | G11: 15.5 | H11: 68 | I11: 110.5 | J11: 25
A12: 11 | B12: 李小忆 | C12: 2801 | D12: ==VLOOKUP(B12,[2]在校生综合信息查询!$A$2:$B$41,2,0) -> 24q770101019 | E12: 5 | F12: 8 | G12: 15 | H12: 91 | I12: 119 | J12: 24
A13: 12 | B13: 李晓莉 | C13: 2818 | D13: ==VLOOKUP(B13,[2]在校生综合信息查询!$A$2:$B$41,2,0) -> 24q71010328615 | E13: 61 | F13: 26 | G13: 51.5 | H13: 188 | I13: 326.5 | J13: 3
... A30: 29 | B30: 祝洪霞 | C30: 2817 | D30: ==VLOOKUP(B30,[2]在校生综合信息查询!$A$2:$B$41,2,0) -> 24q770101053 | E30: 12 | F30: 12 | G30: 18.5 | H30: 60 | I30: 102.5 | J30: 28

Sheet 24级保育2班(本方)
A1: 序号 | B1: 姓名 | C1: 考号 | D1: 学号 | E1: 语文 | F1: 数学 | G1: 英语 | H1: 专业综合成绩（350分） | I1: 总分 | J1: 排名
A2: 1 | B2: 陈龚燕 | C2: 2761 | D2: ==VLOOKUP(B2,[2]在校生综合信息查询!$A$42:$C$73,2,0) -> 24q770101073 | E2: 60 | F2: 92 | G2: 67.5 | H2: 247
A3: 2 | B3: 陈梦玲 | C3: 2762 | D3: ==VLOOKUP(B3,[2]在校生综合信息查询!$A$42:$C$73,2,0) -> 24q770101074 | E3: 59 | F3: 64 | G3: 39 | H3: 236
A4: 3 | B4: 丁茂梅 | C4: 2763 | D4: ==VLOOKUP(B4,[2]在校生综合信息查询!$A$42:$C$73,2,0) -> 24q770101075 | E4: 74 | F4: 52 | G4: 58.5 | H4: 194
A5: 4 | B5: 龚星榕 | C5: 2764 | D5: ==VLOOKUP(B5,[2]在校生综合信息查询!$A$42:$C$73,2,0) -> 24q770101076 | E5: 47 | F5: 46 | G5: 52.5 | H5: 179
A6: 5 | B6: 胡艳莉 | C6: 2765 | D6: ==VLOOKUP(B6,[2]在校生综合信息查询!$A$42:$C$73,2,0) -> 24q770101079 | E6: 62 | F6: 24 | G6: 46.6 | H6: 197
A7: 6 | B7: 黄珂馨 | C7: 2766 | D7: ==VLOOKUP(B7,[2]在校生综合信息查询!$A$42:$C$73,2,0) -> 24q770101080 | E7: 66 | F7: 20 | G7: 54 | H7: 191
A8: 7 | B8: 江葛蓉 | C8: 2767 | D8: ==VLOOKUP(B8,[2]在校生综合信息查询!$A$42:$C$73,2,0) -> 24q770101081 | E8: 80 | F8: 34 | G8: 32.5 | H8: 203
A9: 8 | B9: 姜晓薇 | C9: 2768 | D9: ==VLOOKUP(B9,[2]在校生综合信息查询!$A$42:$C$73,2,0) -> 24q770101082 | E9: 53 | F9: 24 | G9: 46 | H9: 190
A10: 9 | B10: 金云霞 | C10: 2769 | D10: ==VLOOKUP(B10,[2]在校生综合信息查询!$A$42:$C$73,2,0) -> 24q770101083 | E10: 65 | F10: 46 | G10: 42.6 | H10: 218
A11: 10 | B11: 李娇娇 | C11: 2770 | D11: ==VLOOKUP(B11,[2]在校生综合信息查询!$A$42:$C$73,2,0) -> 24q770101084 | E11: 66 | F11: 24 | G11: 78.5 | H11: 221
A12: 11 | B12: 李美婷 | C12: 2771 | D12: ==VLOOKUP(B12,[2]在校生综合信息查询!$A$42:$C$73,2,0) -> 24q770101085 | E12: 52 | F12: 22 | G12: 76.5 | H12: 212
A13: 12 | B13: 李依萱 | C13: 2772 | D13: ==VLOOKUP(B13,[2]在校生综合信息查询!$A$42:$C$73,2,0) -> 24q770101086 | E13: 54 | F13: 22 | G13: 57.5 | H13: 196
A14: 13 | B14: 李紫菡 | C14: 2773 | D14: ==VLOOKUP(B14,[2]在校生综合信息查询!$A$42:$C$73,2,0) -> 24q770101088 | E14: 缺考
A15: 14 | B15: 刘彩利 | C15: 2774 | D15: ==VLOOKUP(B15,[2]在校生综合信息查询!$A$42:$C$73,2,0) -> 24q770101089 | E15: 43 | F15: 18 | G15: 75 | H15: 192
A16: 15 | B16: 罗依频 | C16: 2775 | D16: ==VLOOKUP(B16,[2]在校生综合信息查询!$A$42:$C$73,2,0) -> 24q770101090 | E16: 49 | F16: 12 | G16: 25 | H16: 168
A17: 16 | B17: 邱满丽 | C17: 2776 | D17: ==VLOOKUP(B17,[2]在校生综合信息查询!$A$42:$C$73,2,0) -> 24q770101091 | E17: 41 | F17: 64 | G17: 58.6 | H17: 167
A18: 17 | B18: 宋恩琪 | C18: 2791 | D18: ==VLOOKUP(B18,[2]在校生综合信息查询!$A$42:$C$73,2,0) -> 20240808 | E18: 37 | F18: 16 | G18: 25 | H18: 142
A19: 18 | B19: 王诗琪 | C19: 2792 | D19: ==VLOOKUP(B19,[2]在校生综合信息查询!$A$42:$C$73,2,0) -> 24q7701010721 | E19: 60 | F19: 20 | G19: 66 | H19: 213
A20: 19 | B20: 王思雨 | C20: 2777 | D20: ==VLOOKUP(B20,[2]在校生综合信息查询!$A$42:$C$73,2,0) -> 24q770101092 | E20: 47 | F20: 24 | G20: 50 | H20: 205
A21: 20 | B21: 王涛 | C21: 2778 | D21: ==VLOOKUP(B21,[2]在校生综合信息查询!$A$42:$C$73,2,0) -> 24q770101093 | E21: 50 | F21: 19 | G21: 46.5 | H21: 166
A22: 21 | B22: 王忻宜 | C22: 2779 | D22: ==VLOOKUP(B22,[2]在校生综合信息查询!$A$42:$C$73,2,0) -> 24q770101094 | E22: 57 | F22: 16 | G22: 56 | H22: 162
A23: 22 | B23: 王欣怡 | C23: 2780 | D23: ==VLOOKUP(B23,[2]在校生综合信息查询!$A$42:$C$73,2,0) -> 24q770101095 | E23: 52 | F23: 12 | G23: 39.5 | H23: 182
A24: 23 | B24: 夏铃舒 | C24: 2781 | D24: ==VLOOKUP(B24,[2]在校生综合信息查询!$A$42:$C$73,2,0) -> 24q770101097 | E24: 39 | F24: 42 | G24: 55 | H24: 237
A25: 24 | B25: 徐刘锦 | C25: 2782 | D25: ==VLOOKUP(B25,[2]在校生综合信息查询!$A$42:$C$73,2,0) -> 24q770101099 | E25: 37 | F25: 32 | G25: 62 | H25: 208
A26: 25 | B26: 殷媛 | C26: 2783 | D26: ==VLOOKUP(B26,[2]在校生综合信息查询!$A$42:$C$73,2,0) -> 24q770101100 | E26: 43 | F26: 20 | G26: 34.5 | H26: 146
... A33: 32 | B33: 周梦婷 | C33: 2790 | D33: ==VLOOKUP(B33,[2]在校生综合信息查询!$A$42:$C$73,2,0) -> 24q770101107 | E33: 63 | F33: 36 | G33: 46.5 | H33: 174

Sheet 24级电子(国防特色)班
A1: 序号 | B1: 姓名 | C1: 考号 | D1: 学号 | E1: 语文 | F1: 数学 | G1: 英语 | H1: 电工技术基础与技能实训 | I1: 电子技术基础与技能实训 | J1: 单片机技术与应用 | K1: 总分 | L1: 排名
A2: 1 | B2: 曹正锋 | C2: 2448 | D2: ==VLOOKUP(B2,[2]在校生综合信息查询!$A$88:$C$131,2,0) -> 24q710103352 | E2: 55 | F2: 32 | G2: 27.5 | H2: 58 | I2: 57 | J2: 44 | K2: ==SUM(E2:J2) -> 273.5
A3: 2 | B3: 陈灏龄 | C3: 2449 | D3: ==VLOOKUP(B3,[2]在校生综合信息查询!$A$88:$C$131,2,0) -> 24q710103353 | E3: 35 | F3: 12 | G3: 14 | H3: 80 | I3: 65 | J3: 85 | K3: ==SUM(E3:J3) -> 291
A4: 3 | B4: 陈天宇 | C4: 2450 | D4: ==VLOOKUP(B4,[2]在校生综合信息查询!$A$88:$C$131,2,0) -> 24q710103354 | E4: 9 | F4: 12 | G4: 26 | H4: 14 | I4: 19 | J4: 8 | K4: ==SUM(E4:J4) -> 88
A5: 4 | B5: 陈志鸿 | C5: 2451 | D5: ==VLOOKUP(B5,[2]在校生综合信息查询!$A$88:$C$131,2,0) -> 24q710103355 | E5: 9 | F5: 20 | G5: 18.5 | H5: 24 | I5: 22 | J5: 23 | K5: ==SUM(E5:J5) -> 116.5
A6: 5 | B6: 费和森 | C6: 2452 | D6: ==VLOOKUP(B6,[2]在校生综合信息查询!$A$88:$C$131,2,0) -> 24q710103356 | E6: 6 | F6: 20 | G6: 14 | H6: 30 | I6: 11 | J6: 14 | K6: ==SUM(E6:J6) -> 95
A7: 6 | B7: 胡滔锦 | C7: 2453 | D7: ==VLOOKUP(B7,[2]在校生综合信息查询!$A$88:$C$131,2,0) -> 24q710103357 | E7: 15 | F7: 12 | G7: 19 | H7: 19 | I7: 11 | J7: 15 | K7: ==SUM(E7:J7) -> 91
A8: 7 | B8: 黄木 | C8: 2490 | D8: ==VLOOKUP(B8,[2]在校生综合信息查询!$A$88:$C$131,2,0) -> 24q710103844 | E8: 9 | F8: 8 | G8: 20.5 | H8: 12 | I8: 18 | J8: 11 | K8: ==SUM(E8:J8) -> 78.5
A9: 8 | B9: 黄豫坤 | C9: 2454 | D9: ==VLOOKUP(B9,[2]在校生综合信息查询!$A$88:$C$131,2,0) -> 24q710103358 | E9: 3 | F9: 16 | G9: 19.5 | H9: 15 | I9: 14 | J9: 19 | K9: ==SUM(E9:J9) -> 86.5
A10: 9 | B10: 李昕洁 | C10: 2455 | D10: ==VLOOKUP(B10,[2]在校生综合信息查询!$A$88:$C$131,2,0) -> 24q710103359 | E10: 17 | F10: 16 | G10: 21.5 | H10: 29 | I10: 18 | J10: 23 | K10: ==SUM(E10:J10) -> 124.5
A11: 10 | B11: 刘震 | C11: 2456 | D11: ==VLOOKUP(B11,[2]在校生综合信息查询!$A$88:$C$131,2,0) -> 24q710103361 | E11: 0 | F11: 0 | G11: 0 | H11: 0 | I11: 0 | J11: 0 | K11: ==SUM(E11:J11) -> 0
A12: 11 | B12: 罗红 | C12: 2457 | D12: ==VLOOKUP(B12,[2]在校生综合信息查询!$A$88:$C$131,2,0) -> 24q710103362 | E12: 24 | F12: 16 | G12: 16.5 | H12: 14 | I12: 18 | J12: 11 | K12: ==SUM(E12:J12) -> 99.5
A13: 12 | B13: 罗意 | C13: 2458 | D13: ==VLOOKUP(B13,[2]在校生综合信息查询!$A$88:$C$131,2,0) -> 24q710103363 | E13: 12 | F13: 0 | G13: 0 | H13: 0 | I13: 0 | J13: 0 | K13: ==SUM(E13:J13) -> 12
... A21: 20 | B21: 王博 | C21: 2489 | D21: ==VLOOKUP(B21,[2]在校生综合信息查询!$A$88:$C$131,2,0) -> 24q710103228 | E21: 9 | F21: 12 | G21: 29 | H21: 21 | I21: 21 | J21: 15 | K21: ==SUM(E21:J21) -> 107
A22: 21 | B22: 王金鑫 | C22: 2465 | D22: ==VLOOKUP(B22,[2]在校生综合信息查询!$A$88:$C$131,2,0) -> 24q710103372 | E22: 0 | F22: 0 | G22: 0
A23: 22 | B23: 王午洋 | C23: 2466 | D23: ==VLOOKUP(B23,[2]在校生综合信息查询!$A$88:$C$131,2,0) -> 24q710103373 | E23: 0 | F23: 0 | G23: 0
A24: 23 | B24: 魏熙恒 | C24: 2467 | D24: ==VLOOKUP(B24,[2]在校生综合信息查询!$A$88:$C$131,2,0) -> 24q710103374 | E24: 38 | F24: 74 | G24: 13.5 | H24: 18 | I24: 38 | J24: 22 | K24: ==SUM(H24:J24) -> 78
A25: 24 | B25: 魏鑫 | C25: 2468 | D25: ==VLOOKUP(B25,[2]在校生综合信息查询!$A$88:$C$131,2,0) -> 24q710103375 | E25: 44 | F25: 80 | G25: 70 | H25: 4 | I25: 10 | J25: 19 | K25: ==SUM(H25:J25) -> 33
A26: 25 | B26: 文陈浩 | C26: 2469 | D26: ==VLOOKUP(B26,[2]在校生综合信息查询!$A$88:$C$131,2,0) -> 24q710103376 | E26: 0 | F26: 0 | G26: 0
A27: 26 | B27: 吴涛 | C27: 2470 | D27: ==VLOOKUP(B27,[2]在校生综合信息查询!$A$88:$C$131,2,0) -> 24q710103377 | E27: 15 | F27: 8 | G27: 13 | H27: 19 | I27: 29 | J27: 23 | K27: ==SUM(H27:J27) -> 71
A28: 27 | B28: 吴天宇 | C28: 2471 | D28: ==VLOOKUP(B28,[2]在校生综合信息查询!$A$88:$C$131,2,0) -> 24q710103378 | E28: 21 | F28: 76 | G28: 14.5 | H28: 26 | I28: 33 | J28: 26 | K28: ==SUM(H28:J28) -> 85
A29: 28 | B29: 伍浩阳 | C29: 2472 | D29: ==VLOOKUP(B29,[2]在校生综合信息查询!$A$88:$C$131,2,0) -> 24q710103379 | E29: 34 | F29: 64 | G29: 18 | H29: 46 | I29: 39 | J29: 16 | K29: ==SUM(H29:J29) -> 101
A30: 29 | B30: 伍俊义 | C30: 2491 | D30: ==VLOOKUP(B30,[2]在校生综合信息查询!$A$88:$C$131,2,0) -> 5127424270247 | E30: 35 | F30: 74 | G30: 32.5 | H30: 18 | I30: 26 | J30: 19 | K30: ==SUM(H30:J30) -> 63
A31: 30 | B31: 谢宇航 | C31: 2473 | D31: ==VLOOKUP(B31,[2]在校生综合信息查询!$A$88:$C$131,2,0) -> 24q710103380 | E31: 40 | F31: 16 | G31: 26.5 | H31: 15 | I31: 34 | J31: 28 | K31: ==SUM(H31:J31) -> 77
A32: 31 | B32: 熊俊熙 | C32: 2474 | D32: ==VLOOKUP(B32,[2]在校生综合信息查询!$A$88:$C$131,2,0) -> 24q710103381 | E32: 26 | F32: 12 | G32: 16 | H32: 17 | I32: 26 | J32: 14 | K32: ==SUM(H32:J32) -> 57
A33: 32 | B33: 许四海 | C33: 2475 | D33: ==VLOOKUP(B33,[2]在校生综合信息查询!$A$88:$C$131,2,0) -> 24q710103382 | E33: 22 | F33: 16 | G33: 26 | H33: 10 | I33: 18 | J33: 9 | K33: ==SUM(H33:J33) -> 37
A34: 33 | B34: 杨家兴 | C34: 2476 | D34: ==VLOOKUP(B34,[2]在校生综合信息查询!$A$88:$C$131,2,0) -> 24q710103383 | E34: 28 | F34: 80 | G34: 0 | H34: 100 | I34: 77 | J34: 61 | K34: ==SUM(H34:J34) -> 238
A35: 34 | B35: 杨杰 | C35: 2487 | D35: ==VLOOKUP(B35,[2]在校生综合信息查询!$A$88:$C$131,2,0) -> 24q710103318 | E35: 27 | F35: 12 | G35: 22.5 | H35: 14 | I35: 14 | J35: 18 | K35: ==SUM(H35:J35) -> 46
A36: 35 | B36: 尤忠林 | C36: 2486 | D36: ==VLOOKUP(B36,[2]在校生综合信息查询!$A$88:$C$131,2,0) -> 24q710103384 | E36: 27 | F36: 80 | G36: 0 | H36: 84 | I36: 77 | J36: 65 | K36: ==SUM(H36:J36) -> 226
A37: 36 | B37: 余嘉新 | D37: ==VLOOKUP(B37,[2]在校生综合信息查询!$A$88:$C$131,2,0) -> 24q710103385 | E37: 3 | F37: 28 | G37: 15.5 | H37: 22 | I37: 14 | J37: 18 | K37: ==SUM(H37:J37) -> 54
A38: 37 | B38: 余有林 | D38: ==VLOOKUP(B38,[2]在校生综合信息查询!$A$88:$C$131,2,0) -> 24q710103386 | E38: 3 | F38: 48 | G38: 33 | H38: 23 | I38: 16 | J38: 26 | K38: ==SUM(H38:J38) -> 65
A39: 38 | B39: 袁炜翔 | D39: ==VLOOKUP(B39,[2]在校生综合信息查询!$A$88:$C$131,2,0) -> 24q710103387 | E39: 8 | F39: 16 | G39: 13.5 | H39: 21 | I39: 25 | J39: 19 | K39: ==SUM(H39:J39) -> 65
A40: 39 | B40: 张陈坤 | D40: ==VLOOKUP(B40,[2]在校生综合信息查询!$A$88:$C$131,2,0) -> 24q710103388 | E40: 12 | F40: 8 | G40: 17 | H40: 61 | I40: 42 | J40: 34 | K40: ==SUM(H40:J40) -> 137
A41: 40 | B41: 张丁 | D41: ==VLOOKUP(B41,[2]在校生综合信息查询!$A$88:$C$131,2,0) -> 24q710103389 | E41: 12 | F41: 12 | G41: 18.5 | H41: 0 | I41: 0 | J41: 0 | K41: ==SUM(H41:J41) -> 0
A42: 41 | B42: 张奇恒 | D42: ==VLOOKUP(B42,[2]在校生综合信息查询!$A$88:$C$131,2,0) -> 24q710103390 | E42: 27 | F42: 56 | G42: 18.5 | H42: 15 | I42: 14 | J42: 30 | K42: ==SUM(H42:J42) -> 59
A43: 42 | B43: 章健 | D43: ==VLOOKUP(B43,[2]在校生综合信息查询!$A$88:$C$131,2,0) -> 24q710103391 | E43: 6 | F43: 12 | G43: 24 | H43: 21 | I43: 12 | J43: 26 | K43: ==SUM(H43:J43) -> 59
A44: 43 | B44: 赵家林 | D44: ==VLOOKUP(B44,[2]在校生综合信息查询!$A$88:$C$131,2,0) -> 24q710103392 | E44: 16 | F44: 28 | G44: 16.5 | H44: 25 | I44: 14 | J44: 18 | K44: ==SUM(H44:J44) -> 57
A45: 44 | B45: 邹可凡 | D45: ==VLOOKUP(B45,[2]在校生综合信息查询!$A$88:$C$131,2,0) -> 24q710103394 | E45: 18 | F45: 24 | G45: 9 | H45: 14 | I45: 23 | J45: 8 | K45: ==SUM(H45:J45) -> 45

Sheet 24级电子1班
A1: 序号 | B1: 姓名 | C1: 考号 | D1: 学号 | E1: 语文 | F1: 数学 | G1: 英语 | H1: 电工技术基础与技能实训 | I1: 电子技术基础与技能实训 | J1: 单片机技术与应用 | K1: 总分 | L1: 排名
A2: 1 | B2: 白如鑫 | C2: 2712 | D2: ==VLOOKUP(B2,[2]在校生综合信息查询!$A$132:$C$180,2,0) -> 24q710103002 | G2: 14.5 | H2: 23 | I2: 9 | J2: 19
A3: 2 | B3: 白松鹭 | C3: 2749 | D3: ==VLOOKUP(B3,[2]在校生综合信息查询!$A$132:$C$180,2,0) -> 24q660103141 | G3: 18.5 | H3: 3 | I3: 27 | J3: 26
A4: 3 | B4: 白王田 | C4: 2713 | D4: ==VLOOKUP(B4,[2]在校生综合信息查询!$A$132:$C$180,2,0) -> 24q710103003 | G4: 26 | H4: 30 | I4: 23 | J4: 14
A5: 4 | B5: 白子轩 | C5: 2714 | D5: ==VLOOKUP(B5,[2]在校生综合信息查询!$A$132:$C$180,2,0) -> 24q710103004 | G5: 0 | H5: 0 | I5: 0 | J5: 0
A6: 5 | B6: 曹淳封 | C6: 2715 | D6: ==VLOOKUP(B6,[2]在校生综合信息查询!$A$132:$C$180,2,0) -> 24q710103005 | G6: 25.5 | H6: 30 | I6: 22 | J6: 7
A7: 6 | B7: 曹可扬 | C7: 2752 | D7: ==VLOOKUP(B7,[2]在校生综合信息查询!$A$132:$C$180,2,0) -> 24q710103121 | G7: 0 | H7: 0 | I7: 0 | J7: 0
A8: 7 | B8: 曹荣涵 | C8: 2716 | D8: ==VLOOKUP(B8,[2]在校生综合信息查询!$A$132:$C$180,2,0) -> 24q710103007 | G8: 20 | H8: 18 | I8: 15 | J8: 16
A9: 8 | B9: 曹洋浩 | C9: 2717 | D9: ==VLOOKUP(B9,[2]在校生综合信息查询!$A$132:$C$180,2,0) -> 24q710103008 | G9: 16.5 | H9: 23 | I9: 30 | J9: 7
A10: 9 | B10: 曾宇晨 | C10: 2718 | D10: ==VLOOKUP(B10,[2]在校生综合信息查询!$A$132:$C$180,2,0) -> 24q710103009 | G10: 20 | H10: 14 | I10: 14 | J10: 26
A11: 10 | B11: 陈鹤云 | C11: 2719 | D11: ==VLOOKUP(B11,[2]在校生综合信息查询!$A$132:$C$180,2,0) -> 24q710103010 | G11: 15.5 | H11: 14 | I11: 14 | J11: 22
A12: 11 | B12: 陈世文 | C12: 2720 | D12: ==VLOOKUP(B12,[2]在校生综合信息查询!$A$132:$C$180,2,0) -> 24q710103011 | G12: 20 | H12: 21 | I12: 21 | J12: 22
A13: 12 | B13: 陈雅心 | C13: 2721 | D13: ==VLOOKUP(B13,[2]在校生综合信息查询!$A$132:$C$180,2,0) -> 24q710103012 | G13: 24 | H13: 11 | I13: 17 | J13: 6
... A41: 40 | B41: 田俊宇 | C41: 2745 | D41: ==VLOOKUP(B41,[2]在校生综合信息查询!$A$132:$C$180,2,0) -> 24q710103045 | G41: 13 | H41: 15 | I41: 18 | J41: 0
A42: 41 | B42: 王蕊 | D42: ==VLOOKUP(B42,[2]在校生综合信息查询!$A$132:$C$180,2,0) -> 24q710103286152 | G42: 37 | H42: 30 | I42: 39 | J42: 23
A43: 42 | B43: 王宇俊 | D43: ==VLOOKUP(B43,[2]在校生综合信息查询!$A$132:$C$180,2,0) -> 24q770303036 | G43: 0 | H43: 0 | I43: 0 | J43: 0
A44: 43 | B44: 吴子轩 | D44: ==VLOOKUP(B44,[2]在校生综合信息查询!$A$132:$C$180,2,0) -> 24q7101032971 | G44: 14.5 | H44: 15 | I44: 10 | J44: 4
A45: 44 | B45: 伍俊峰 | D45: ==VLOOKUP(B45,[2]在校生综合信息查询!$A$132:$C$180,2,0) -> 24q710103048 | G45: 0 | H45: 0 | I45: 0 | J45: 0
A46: 45 | B46: 谢懿 | D46: ==VLOOKUP(B46,[2]在校生综合信息查询!$A$132:$C$180,2,0) -> 24q710103313 | G46: 45.5 | H46: 17 | I46: 22 | J46: 15
A47: 46 | B47: 徐金洋 | D47: ==VLOOKUP(B47,[2]在校生综合信息查询!$A$132:$C$180,2,0) -> 24q7101032107 | G47: 0 | H47: 0 | I47: 0 | J47: 0
A48: 47 | B48: 袁俊杰 | D48: ==VLOOKUP(B48,[2]在校生综合信息查询!$A$132:$C$180,2,0) -> 24q710103049 | G48: 21.5 | H48: 15 | I48: 25 | J48: 8
A49: 48 | B49: 张嘉凌 | D49: ==VLOOKUP(B49,[2]在校生综合信息查询!$A$132:$C$180,2,0) -> 24q7101032890 | G49: 28.5 | H49: 11 | I49: 14 | J49: 26
A50: 49 | B50: 赵卫科 | D50: ==VLOOKUP(B50,[2]在校生综合信息查询!$A$132:$C$180,2,0) -> 24q710103051 | G50: 10.5 | H50: 18 | I50: 29 | J50: 15

Sheet 24级电子2班
A1: 序号 | B1: 姓名 | C1: 考号 | D1: 学号 | E1: 语文 | F1: 数学 | G1: 英语 | H1: 电工技术基础与技能实训 | I1: 电子技术基础与技能实训 | J1: 单片机技术与应用 | K1: 总分 | L1: 排名
A2: 1 | B2: 曾重升 | C2: 2700 | D2: ==VLOOKUP(B2,[2]在校生综合信息查询!$A$181:$C$263,2,0) -> 24q710103125 | E2: 42 | F2: 8 | G2: 29 | H2: 41 | I2: 28 | J2: 23 | K2: ==E2+F2+G2+H2+I2+J2 -> 171
A3: 2 | B3: 陈发顺 | C3: 2690 | D3: ==VLOOKUP(B3,[2]在校生综合信息查询!$A$181:$C$263,2,0) -> 24q710103127 | E3: 53 | F3: 64 | G3: 55.5 | H3: 41 | I3: 40 | J3: 32 | K3: ==E3+F3+G3+H3+I3+J3 -> 285.5
A4: 3 | B4: 陈利 | C4: 2709 | D4: ==VLOOKUP(B4,[2]在校生综合信息查询!$A$181:$C$263,2,0) -> 24q710103130 | E4: 33 | F4: 38 | G4: 40.5 | H4: 29 | I4: 31 | J4: 26 | K4: ==E4+F4+G4+H4+I4+J4 -> 197.5
A5: 4 | B5: 陈韬文 | C5: 2635 | D5: ==VLOOKUP(B5,[2]在校生综合信息查询!$A$181:$C$263,2,0) -> 24q710103193 | E5: 9 | F5: 12 | G5: 37.5 | H5: 26 | I5: 26 | J5: 17 | K5: ==E5+F5+G5+H5+I5+J5 -> 127.5
A6: 5 | B6: 冯万豪 | C6: 2707 | D6: ==VLOOKUP(B6,[2]在校生综合信息查询!$A$181:$C$263,2,0) -> 24q710103842 | E6: 6 | F6: 20 | G6: 22 | H6: 21 | I6: 10 | J6: 31 | K6: ==E6+F6+G6+H6+I6+J6 -> 110
A7: 6 | B7: 付自豪 | C7: 2701 | D7: ==VLOOKUP(B7,[2]在校生综合信息查询!$A$181:$C$263,2,0) -> 24q710103135 | E7: 54 | F7: 12 | G7: 22.5 | H7: 34 | I7: 33 | J7: 25 | K7: ==E7+F7+G7+H7+I7+J7 -> 180.5
A8: 7 | B8: 郭跃华 | C8: 2683 | D8: ==VLOOKUP(B8,[2]在校生综合信息查询!$A$181:$C$263,2,0) -> 24q710103141 | E8: 0 | F8: 0 | G8: 0 | H8: 0 | I8: 0 | J8: 0 | K8: ==E8+F8+G8+H8+I8+J8 -> 0
A9: 8 | B9: 何宇航 | C9: 2710 | D9: ==VLOOKUP(B9,[2]在校生综合信息查询!$A$181:$C$263,2,0) -> 24q710103142 | E9: 37 | F9: 60 | G9: 44 | H9: 31 | I9: 35 | J9: 28 | K9: ==E9+F9+G9+H9+I9+J9 -> 235
A10: 9 | B10: 胡凯峰 | C10: 2702 | D10: ==VLOOKUP(B10,[2]在校生综合信息查询!$A$181:$C$263,2,0) -> 24q710103143 | E10: 53 | F10: 16 | G10: 27 | H10: 16 | I10: 18 | J10: 36 | K10: ==E10+F10+G10+H10+I10+J10 -> 166
A11: 10 | B11: 黄思瑞 | C11: 2703 | D11: ==VLOOKUP(B11,[2]在校生综合信息查询!$A$181:$C$263,2,0) -> 24q710103146 | E11: 36 | F11: 32 | G11: 25.5 | H11: 33 | I11: 15 | J11: 29 | K11: ==E11+F11+G11+H11+I11+J11 -> 170.5
A12: 11 | B12: 黄熙耀 | C12: 2684 | D12: ==VLOOKUP(B12,[2]在校生综合信息查询!$A$181:$C$263,2,0) -> 24q710103148 | E12: 31 | F12: 40 | G12: 48.5 | H12: 23 | I12: 6 | J12: 15 | K12: ==E12+F12+G12+H12+I12+J12 -> 163.5
A13: 12 | B13: 李昌洪 | C13: 2704 | D13: ==VLOOKUP(B13,[2]在校生综合信息查询!$A$181:$C$263,2,0) -> 24q710103154 | E13: 37 | F13: 24 | G13: 38.5 | H13: 25 | I13: 22 | J13: 8 | K13: ==E13+F13+G13+H13+I13+J13 -> 154.5
... A69: 68 | B69: 杨裕婷 | C69: 2705 | D69: ==VLOOKUP(B69,[2]在校生综合信息查询!$A$181:$C$263,2,0) -> 24q710103322 | E69: 41 | F69: 24 | G69: 39.5 | H69: 18 | I69: 30 | J69: 36 | K69: ==E69+F69+G69+H69+I69+J69 -> 188.5
A70: 69 | B70: 姚杨 | D70: ==VLOOKUP(B70,[2]在校生综合信息查询!$A$181:$C$263,2,0) -> 24q710103323 | E70: 46 | F70: 20 | G70: 25.5 | H70: 28 | I70: 18 | J70: 24 | K70: ==E70+F70+G70+H70+I70+J70 -> 161.5
A71: 70 | B71: 张光嶶 | D71: ==VLOOKUP(B71,[2]在校生综合信息查询!$A$181:$C$263,2,0) -> 24q710103245 | E71: 24 | F71: 20 | G71: 16.5 | H71: 21 | I71: 6 | J71: 23 | K71: ==E71+F71+G71+H71+I71+J71 -> 110.5
A72: 71 | B72: 张瑜宸 | D72: ==VLOOKUP(B72,[2]在校生综合信息查询!$A$181:$C$263,2,0) -> 24q710103246 | E72: 33 | F72: 28 | G72: 38 | H72: 18 | I72: 25 | J72: 20 | K72: ==E72+F72+G72+H72+I72+J72 -> 162
A73: 72 | B73: 张耘 | D73: ==VLOOKUP(B73,[2]在校生综合信息查询!$A$181:$C$263,2,0) -> 24q710103247 | E73: 39 | F73: 20 | G73: 16 | H73: 24 | I73: 20 | J73: 4 | K73: ==E73+F73+G73+H73+I73+J73 -> 123
A74: 73 | B74: 郑鑫川 | D74: ==VLOOKUP(B74,[2]在校生综合信息查询!$A$181:$C$263,2,0) -> 24q710103111 | E74: 48 | F74: 32 | G74: 13 | H74: 52 | I74: 41 | J74: 31 | K74: ==E74+F74+G74+H74+I74+J74 -> 217
A75: 74 | B75: 周梦苏 | D75: ==VLOOKUP(B75,[2]在校生综合信息查询!$A$181:$C$263,2,0) -> 20240155 | E75: 0 | F75: 0 | G75: 0 | H75: 0 | I75: 0 | J75: 0 | K75: ==E75+F75+G75+H75+I75+J75 -> 0
A76: 75 | B76: 周荣恒 | D76: ==VLOOKUP(B76,[2]在校生综合信息查询!$A$181:$C$263,2,0) -> 24q710103338 | E76: 43 | F76: 28 | G76: 17 | H76: 26 | I76: 13 | J76: 17 | K76: ==E76+F76+G76+H76+I76+J76 -> 144
A77: 76 | B77: 周荣瑞 | D77: ==VLOOKUP(B77,[2]在校生综合信息查询!$A$181:$C$263,2,0) -> 24q710103843 | E77: 37 | F77: 28 | G77: 38 | H77: 30 | I77: 35 | J77: 21 | K77: ==E77+F77+G77+H77+I77+J77 -> 189
A78: 77 | B78: 周星昊 | D78: ==VLOOKUP(B78,[2]在校生综合信息查询!$A$181:$C$263,2,0) -> 24q710103188 | E78: 28 | F78: 56 | G78: 41.5 | H78: 22 | I78: 24 | J78: 23 | K78: ==E78+F78+G78+H78+I78+J78 -> 194.5

Sheet 24级电子3班
A1: 序号 | B1: 姓名 | C1: 考号 | D1: 学号 | E1: 语文 | F1: 数学 | G1: 英语 | H1: 电工技术基础与技能实训 | I1: 电子技术基础与技能实训 | J1: 单片机技术与应用 | K1: 总分 | L1: 排名
A2: 1 | B2: 曹曾易 | C2: 2615 | D2: ==VLOOKUP(B2,[2]在校生综合信息查询!$A$264:$C$329,2,0) -> 24q710103120 | E2: 20 | F2: 48 | G2: 83 | H2: 50 | I2: 49 | J2: 26 | K2: 151 | L2: 2
A3: 2 | B3: 陈坤 | C3: 2618 | D3: ==VLOOKUP(B3,[2]在校生综合信息查询!$A$264:$C$329,2,0) -> 24q710103129 | E3: 21 | F3: 53 | G3: 35.5 | H3: 14 | I3: 30 | J3: 19 | K3: 109 | L3: 5
A4: 3 | B4: 陈莉洪 | C4: 2568 | D4: ==VLOOKUP(B4,[2]在校生综合信息查询!$A$264:$C$329,2,0) -> 24q710103071 | E4: 22 | F4: 28 | G4: 15 | H4: 21 | I4: 18 | J4: 11 | K4: 65 | L4: 29
A5: 4 | B5: 丁俊杰 | C5: 2608 | D5: ==VLOOKUP(B5,[2]在校生综合信息查询!$A$264:$C$329,2,0) -> 24q710103132 | E5: 29 | F5: 20 | G5: 19 | H5: 15 | I5: 23 | J5: 23 | K5: 68 | L5: 26
A6: 5 | B6: 丁娅玲 | C6: 2627 | D6: ==VLOOKUP(B6,[2]在校生综合信息查询!$A$264:$C$329,2,0) -> 24q7101033171 | E6: 6 | F6: 12 | G6: 13 | H6: 18 | I6: 22 | J6: 17 | K6: 31 | L6: 58
A7: 6 | B7: 樊睿丞 | C7: 2633 | D7: ==VLOOKUP(B7,[2]在校生综合信息查询!$A$264:$C$329,2,0) -> 24q710201008 | E7: 20 | F7: 24 | G7: 0 | H7: 0 | I7: 0 | J7: 0 | K7: 66.5 | L7: 27
A8: 7 | B8: 付程宏 | C8: 2569 | D8: ==VLOOKUP(B8,[2]在校生综合信息查询!$A$264:$C$329,2,0) -> 24q710103072 | E8: 13 | F8: 20 | G8: 33.5 | H8: 21 | I8: 28 | J8: 15 | K8: 43 | L8: 46
A9: 8 | B9: 高文迪 | C9: 2626 | D9: ==VLOOKUP(B9,[2]在校生综合信息查询!$A$264:$C$329,2,0) -> 24q710103136 | E9: 17 | F9: 12 | G9: 18 | H9: 12 | I9: 15 | J9: 14 | K9: 47 | L9: 41
A10: 9 | B10: 苟疑云 | C10: 2570 | D10: ==VLOOKUP(B10,[2]在校生综合信息查询!$A$264:$C$329,2,0) -> 24q710103073 | E10: 38 | F10: 12 | G10: 27 | H10: 22 | I10: 13 | J10: 28 | K10: 77 | L10: 18
A11: 10 | B11: 郭凯 | C11: 2622 | D11: ==VLOOKUP(B11,[2]在校生综合信息查询!$A$264:$C$329,2,0) -> 24q710103138 | E11: 1 | F11: 16 | G11: 21.5 | H11: 10 | I11: 11 | J11: 15 | K11: 38.5 | L11: 52
A12: 11 | B12: 何星阳 | C12: 2610 | D12: ==VLOOKUP(B12,[2]在校生综合信息查询!$A$264:$C$329,2,0) -> 24q7101032111 | E12: 12 | F12: 8 | G12: 17 | H12: 7 | I12: 22 | J12: 18 | K12: 37 | L12: 55
A13: 12 | B13: 黄紫涵 | C13: 2612 | D13: ==VLOOKUP(B13,[2]在校生综合信息查询!$A$264:$C$329,2,0) -> 24q770101011 | E13: 35 | F13: 20 | G13: 17.5 | H13: 18 | I13: 25 | J13: 24 | K13: 70.5 | L13: 24
... A17: 16 | B17: 凌昊鑫 | C17: 2619 | D17: ==VLOOKUP(B17,[2]在校生综合信息查询!$A$264:$C$329,2,0) -> 24q770101023 | E17: 12 | F17: 12 | G17: 29.5 | H17: 7 | I17: 17 | J17: 10 | K17: 53.5 | L17: 36
A18: 17 | B18: 刘景瑞 | C18: 2571 | D18: ==VLOOKUP(B18,[2]在校生综合信息查询!$A$264:$C$329,2,0) -> #N/A | E18: 0 | F18: 0 | H18: 0 | I18: 0 | J18: 0 | K18: 0 | L18: 61
A19: 18 | B19: 罗品皓 | C19: 2634 | D19: ==VLOOKUP(B19,[2]在校生综合信息查询!$A$264:$C$329,2,0) -> 20241114 | E19: 18 | F19: 8 | G19: 21 | H19: 7 | I19: 26 | J19: 14 | K19: 47 | L19: 41
A20: 19 | B20: 罗宇嫒 | C20: 2623 | D20: ==VLOOKUP(B20,[2]在校生综合信息查询!$A$264:$C$329,2,0) -> 24q710103176 | E20: 9 | F20: 44 | G20: 31.5 | H20: 27 | I20: 27 | J20: 19 | K20: 84.5 | L20: 13
A21: 20 | B21: 牟秋雨 | C21: 2572 | D21: ==VLOOKUP(B21,[2]在校生综合信息查询!$A$264:$C$329,2,0) -> 24q710103076 | E21: 0 | F21: 0 | G21: 0 | H21: 0 | I21: 0 | J21: 0 | K21: 0 | L21: 61
A22: 21 | B22: 牟诗晨 | C22: 2606 | D22: ==VLOOKUP(B22,[2]在校生综合信息查询!$A$264:$C$329,2,0) -> 24q7101032863 | E22: 0 | F22: 40 | G22: 18.5 | H22: 8 | I22: 23 | J22: 18 | K22: 58.5 | L22: 33
A23: 22 | B23: 倪佳琪 | C23: 2624 | D23: ==VLOOKUP(B23,[2]在校生综合信息查询!$A$264:$C$329,2,0) -> 24q710103177 | E23: 18 | F23: 40 | G23: 75 | H23: 27 | I23: 30 | J23: 7 | K23: 133 | L23: 4
A24: 23 | B24: 彭俊杰 | C24: 2625 | D24: ==VLOOKUP(B24,[2]在校生综合信息查询!$A$264:$C$329,2,0) -> 24q710103179 | E24: 18 | F24: 0 | G24: 20.5 | H24: 12 | I24: 18 | J24: 6 | K24: 38.5 | L24: 52
A25: 24 | B25: 任浩然 | C25: 2620 | D25: ==VLOOKUP(B25,[2]在校生综合信息查询!$A$264:$C$329,2,0) -> 24q770101029 | E25: 0 | F25: 0 | G25: 0 | H25: 0 | I25: 0 | J25: 0 | K25: 0 | L25: 61
A26: 25 | B26: 宋俊凯 | C26: 2621 | D26: ==VLOOKUP(B26,[2]在校生综合信息查询!$A$264:$C$329,2,0) -> 24q770101031 | E26: 0 | F26: 56 | G26: 27 | H26: 25 | I26: 26 | J26: 23 | K26: 83 | L26: 15
A27: 26 | B27: 孙畅 | C27: 2573 | D27: ==VLOOKUP(B27,[2]在校生综合信息查询!$A$264:$C$329,2,0) -> 24q710103077 | E27: 31 | F27: 32 | G27: 17.5 | H27: 29 | I27: 14 | J27: 21 | K27: 80.5 | L27: 17
A28: 27 | B28: 王常宇 | C28: 2602 | D28: ==VLOOKUP(B28,[2]在校生综合信息查询!$A$264:$C$329,2,0) -> 24q770303032 | E28: 20 | F28: 12 | G28: 18.5 | H28: 31 | I28: 11 | J28: 6 | K28: 50.5 | L28: 37
A29: 28 | B29: 王晨 | C29: 2574 | D29: ==VLOOKUP(B29,[2]在校生综合信息查询!$A$264:$C$329,2,0) -> 24q710103078 | E29: 12 | F29: 48 | G29: 16 | H29: 7 | I29: 18 | J29: 21 | K29: 76 | L29: 19
A30: 29 | B30: 王矞轩 | C30: 2629 | D30: ==VLOOKUP(B30,[2]在校生综合信息查询!$A$264:$C$329,2,0) -> 24q710103306 | E30: 8 | F30: 24 | G30: 11 | H30: 15 | I30: 15 | J30: 10 | K30: 43 | L30: 46
... A59: 58 | B59: 邹浩桀 | C59: 2600 | D59: ==VLOOKUP(B59,[2]在校生综合信息查询!$A$264:$C$329,2,0) -> 24q710103118 | E59: 6 | F59: 20 | G59: 22 | H59: 15 | I59: 14 | J59: 8 | K59: 48 | L59: 40
B60: 杨洪 | E60: 27 | F60: 32 | G60: 16 | H60: 19 | I60: 26 | J60: 17 | K60: 75 | L60: 20
B61: 杨胜威 | E61: 21 | F61: 12 | G61: 17.5 | H61: 22 | I61: 14 | J61: 18 | K61: 50.5 | L61: 37
B62: 杨馨儿 | E62: 22 | F62: 16 | G62: 43.5 | H62: 26 | I62: 39 | J62: 23 | K62: 81.5 | L62: 16
B63: 严子朋 | E63: 26 | F63: 28 | G63: 15 | H63: 22 | I63: 32 | J63: 24 | K63: 69 | L63: 25
B64: 杨亚茜 | E64: 12 | F64: 16 | G64: 14 | H64: 10 | I64: 18 | J64: 17 | K64: 42 | L64: 48
B65: 杨昕昊 | E65: 35 | F65: 20 | G65: 20 | H65: 8 | I65: 14 | J65: 15 | K65: 75 | L65: 20
B66: 杨佳浩 | E66: 41 | F66: 26 | G66: 36 | H66: 37 | I66: 58 | J66: 25 | K66: 103 | L66: 8

Sheet 24级电子4班(本方)
A1: 序号 | B1: 姓名 | C1: 考号 | D1: 学号 | E1: 语文 | F1: 数学 | G1: 英语 | H1: 电工技术基础与技能实训 | I1: 电子技术基础与技能实训 | J1: 单片机技术与应用 | K1: 总分 | L1: 排名
A2: 1 | B2: 柏朕翔 | C2: 2531 | D2: ==VLOOKUP(B2,[2]在校生综合信息查询!$A$330:$C$367,2,0) -> 24q710103119 | E2: 56 | F2: 59 | G2: 27.5 | H2: 75 | I2: 29 | J2: 32 | K2: ==SUM(E2:J2) -> 278.5
A3: 2 | B3: 曹响瑞 | C3: 2532 | D3: ==VLOOKUP(B3,[2]在校生综合信息查询!$A$330:$C$367,2,0) -> 24q710103122 | E3: 75 | F3: 26 | G3: 19 | H3: 37 | I3: 19 | J3: 20 | K3: ==SUM(E3:J3) -> 196
A4: 3 | B4: 曹燕 | C4: 2533 | D4: ==VLOOKUP(B4,[2]在校生综合信息查询!$A$330:$C$367,2,0) -> 24q710103123 | E4: 68 | F4: 54 | G4: 33 | H4: 50 | I4: 62 | J4: 52 | K4: ==SUM(E4:J4) -> 319
A5: 4 | B5: 曾子奥 | C5: 2534 | D5: ==VLOOKUP(B5,[2]在校生综合信息查询!$A$330:$C$367,2,0) -> 24q710103126 | E5: 73 | F5: 57 | G5: 42.5 | H5: 62 | I5: 64 | J5: 31 | K5: ==SUM(E5:J5) -> 329.5
A6: 5 | B6: 陈科 | C6: 2535 | D6: ==VLOOKUP(B6,[2]在校生综合信息查询!$A$330:$C$367,2,0) -> 24q710103128 | E6: 55 | F6: 70 | G6: 72.5 | H6: 68 | I6: 62 | J6: 43 | K6: ==SUM(E6:J6) -> 370.5
A7: 6 | B7: 杜雨彤 | C7: 2536 | D7: ==VLOOKUP(B7,[2]在校生综合信息查询!$A$330:$C$367,2,0) -> 24q710103133 | E7: 48 | F7: 61 | G7: 31 | H7: 62 | I7: 30 | J7: 28 | K7: ==SUM(E7:J7) -> 260
A8: 7 | B8: 付美玲 | C8: 2537 | D8: ==VLOOKUP(B8,[2]在校生综合信息查询!$A$330:$C$367,2,0) -> 24q710103134 | E8: 58 | F8: 22 | G8: 47.5 | H8: 54 | I8: 49 | J8: 20 | K8: ==SUM(E8:J8) -> 250.5
A9: 8 | B9: 郭娱彤 | C9: 2538 | D9: ==VLOOKUP(B9,[2]在校生综合信息查询!$A$330:$C$367,2,0) -> 24q710103139 | E9: 70 | F9: 23 | G9: 67 | H9: 58 | I9: 26 | J9: 24 | K9: ==SUM(E9:J9) -> 268
A10: 9 | B10: 郭语婷 | C10: 2539 | D10: ==VLOOKUP(B10,[2]在校生综合信息查询!$A$330:$C$367,2,0) -> 24q710103140 | E10: 63 | F10: 99 | G10: 66 | H10: 49 | I10: 127 | J10: 83 | K10: ==SUM(E10:J10) -> 487
A11: 10 | B11: 胡林涛 | C11: 2540 | D11: ==VLOOKUP(B11,[2]在校生综合信息查询!$A$330:$C$367,2,0) -> 24q710103144 | E11: 35 | F11: 95 | G11: 38 | H11: 71 | I11: 58 | J11: 54 | K11: ==SUM(E11:J11) -> 351
A12: 11 | B12: 黄丹 | C12: 2541 | D12: ==VLOOKUP(B12,[2]在校生综合信息查询!$A$330:$C$367,2,0) -> 24q710103145 | E12: 60 | F12: 101 | G12: 59 | H12: 75 | I12: 101 | J12: 47 | K12: ==SUM(E12:J12) -> 443
A13: 12 | B13: 黄思婷 | C13: 2542 | D13: ==VLOOKUP(B13,[2]在校生综合信息查询!$A$330:$C$367,2,0) -> 24q710103147 | E13: 61 | F13: 30 | G13: 85 | H13: 54 | I13: 37 | J13: 19 | K13: ==SUM(E13:J13) -> 286
... A30: 29 | B30: 牟芃睿 | C30: 2567 | D30: ==VLOOKUP(B30,[2]在校生综合信息查询!$A$330:$C$367,2,0) -> 24q7101033110 | E30: 54 | F30: 98 | G30: 69 | H30: 42 | I30: 52 | J30: 35 | K30: ==SUM(E30:J30) -> 350
A31: 30 | B31: 彭昊 | C31: 2559 | D31: ==VLOOKUP(B31,[2]在校生综合信息查询!$A$330:$C$367,2,0) -> 24q710103178 | E31: 42 | F31: - | G31: 36.5 | H31: 33 | I31: 50 | J31: 23 | K31: ==SUM(E31:J31) -> 184.5
A32: 31 | B32: 彭雨松 | C32: 2560 | D32: ==VLOOKUP(B32,[2]在校生综合信息查询!$A$330:$C$367,2,0) -> 24q710103181 | E32: 44 | F32: 66 | G32: 31 | H32: 59 | I32: 31 | J32: 17 | K32: ==SUM(E32:J32) -> 248
A33: 32 | B33: 帅远琳 | C33: 2565 | D33: ==VLOOKUP(B33,[2]在校生综合信息查询!$A$330:$C$367,2,0) -> 710103176 | E33: 43 | F33: - | G33: 38 | H33: 71 | I33: 88 | J33: 51 | K33: ==SUM(E33:J33) -> 291
A34: 33 | B34: 夏洋 | C34: 2561 | D34: ==VLOOKUP(B34,[2]在校生综合信息查询!$A$330:$C$367,2,0) -> 24q710103182 | E34: 44 | F34: 112 | G34: 55.5 | H34: 84 | I34: 116 | J34: 54 | K34: ==SUM(E34:J34) -> 465.5
A35: 34 | B35: 杨卿 | C35: 2566 | D35: ==VLOOKUP(B35,[2]在校生综合信息查询!$A$330:$C$367,2,0) -> 710103207 | E35: 57 | F35: 76 | G35: 54 | H35: 53 | I35: 53 | J35: 32 | K35: ==SUM(E35:J35) -> 325
A36: 35 | B36: 赵雅娟 | D36: ==VLOOKUP(B36,[2]在校生综合信息查询!$A$330:$C$367,2,0) -> 24q710103186 | E36: 46 | F36: 40 | G36: 25 | H36: 62 | I36: 29 | J36: 25 | K36: ==SUM(E36:J36) -> 227
A37: 36 | B37: 赵宴 | D37: ==VLOOKUP(B37,[2]在校生综合信息查询!$A$330:$C$367,2,0) -> 24q710103187 | E37: 67 | F37: 41 | G37: 73 | H37: 46 | I37: 45 | J37: 28 | K37: ==SUM(E37:J37) -> 300
A38: 37 | B38: 周语欣 | D38: ==VLOOKUP(B38,[2]在校生综合信息查询!$A$330:$C$367,2,0) -> 24q710103191 | E38: 64 | F38: 28 | G38: 50.5 | H38: 32 | I38: 72 | J38: 26 | K38: ==SUM(E38:J38) -> 272.5
A39: 38 | B39: 刘景瑞 | G39: 27 | H39: 31 | I39: 30 | J39: 0 | K39: ==SUM(E39:J39) -> 88

Sheet 24级电子5班(本方)
A1: 序号 | B1: 姓名 | C1: 考号 | D1: 学号 | E1: 语文 | F1: 数学 | G1: 英语 | H1: 电工技术基础与技能实训 | I1: 电子技术基础与技能实训 | J1: 单片机技术与应用 | K1: 总分 | L1: 排名
A2: 1 | B2: 陈芋涵 | C2: 2492 | D2: ==VLOOKUP(B2,[2]在校生综合信息查询!$A$368:$C$406,2,0) -> 24q710103281 | E2: 72 | F2: 28 | G2: 57 | H2: 34 | I2: 29 | J2: 12 | K2: ==SUM(E2:J2) -> 232
A3: 2 | B3: 陈媛塬 | C3: 2529 | D3: ==VLOOKUP(B3,[2]在校生综合信息查询!$A$368:$C$406,2,0) -> 24q71010328620 | E3: 60 | F3: 82 | G3: 57.5 | H3: 52 | I3: 72 | J3: 41 | K3: ==SUM(E3:J3) -> 364.5
A4: 3 | B4: 胡杨帆 | C4: 2530 | D4: ==VLOOKUP(B4,[2]在校生综合信息查询!$A$368:$C$406,2,0) -> 24q7101031261 | E4: 75 | F4: 97 | G4: 81 | H4: 57 | I4: 57 | J4: 32 | K4: ==SUM(E4:J4) -> 399
A5: 4 | B5: 罗俊 | C5: 2493 | D5: ==VLOOKUP(B5,[2]在校生综合信息查询!$A$368:$C$406,2,0) -> 24q710103285 | E5: 56 | F5: 30 | G5: 64.5 | H5: 55 | I5: 23 | J5: 14 | K5: ==SUM(E5:J5) -> 242.5
A6: 5 | B6: 彭稚迪 | C6: 2494 | D6: ==VLOOKUP(B6,[2]在校生综合信息查询!$A$368:$C$406,2,0) -> 24q710103286 | E6: 57 | F6: 38 | G6: 36 | H6: 39 | I6: 29 | J6: 18 | K6: ==SUM(E6:J6) -> 217
A7: 6 | B7: 任佳旭 | C7: 2495 | D7: ==VLOOKUP(B7,[2]在校生综合信息查询!$A$368:$C$406,2,0) -> 24q710103287 | E7: 72 | F7: 82 | G7: 29 | H7: 57 | I7: 23 | J7: 17 | K7: ==SUM(E7:J7) -> 280
A8: 7 | B8: 沈科君 | C8: 2496 | D8: ==VLOOKUP(B8,[2]在校生综合信息查询!$A$368:$C$406,2,0) -> 24q710103289 | E8: 66 | F8: 51 | G8: 49 | H8: 42 | I8: 41 | J8: 30 | K8: ==SUM(E8:J8) -> 279
A9: 8 | B9: 宋非 | C9: 2497 | D9: ==VLOOKUP(B9,[2]在校生综合信息查询!$A$368:$C$406,2,0) -> 24q710103290 | E9: 67 | F9: 61 | G9: 61 | H9: 34 | I9: 34 | J9: 21 | K9: ==SUM(E9:J9) -> 278
A10: 9 | B10: 宋昕瑀 | C10: 2498 | D10: ==VLOOKUP(B10,[2]在校生综合信息查询!$A$368:$C$406,2,0) -> 24q710103293 | E10: 68 | F10: 36 | G10: 46 | H10: 50 | I10: 31 | J10: 26 | K10: ==SUM(E10:J10) -> 257
A11: 10 | B11: 苏蕾 | C11: 2499 | D11: ==VLOOKUP(B11,[2]在校生综合信息查询!$A$368:$C$406,2,0) -> 24q710103294 | E11: 67 | F11: 108 | G11: 33.5 | H11: 35 | I11: 39 | J11: 65 | K11: ==SUM(E11:J11) -> 347.5
A12: 11 | B12: 覃露露 | C12: 2500 | D12: ==VLOOKUP(B12,[2]在校生综合信息查询!$A$368:$C$406,2,0) -> 24q710103295 | E12: 69 | F12: 82 | G12: 31.5 | H12: 52 | I12: 69 | J12: 25 | K12: ==SUM(E12:J12) -> 328.5
A13: 12 | B13: 谭舜谊 | C13: 2501 | D13: ==VLOOKUP(B13,[2]在校生综合信息查询!$A$368:$C$406,2,0) -> 24q710103296 | E13: 39 | F13: 52 | G13: 46 | H13: 27 | I13: 28 | J13: 17 | K13: ==SUM(E13:J13) -> 209
... A35: 34 | B35: 赵梓丞 | C35: 2523 | D35: ==VLOOKUP(B35,[2]在校生综合信息查询!$A$368:$C$406,2,0) -> 24q710103336 | E35: 49 | F35: 28 | G35: 53.5 | H35: 28 | I35: 41 | J35: 12 | K35: ==SUM(E35:J35) -> 211.5
A36: 35 | B36: 赵梓皓 | D36: ==VLOOKUP(B36,[2]在校生综合信息查询!$A$368:$C$406,2,0) -> 24q710103337 | E36: 60 | F36: 46 | G36: 67.5 | H36: 38 | I36: 29 | J36: 24 | K36: ==SUM(E36:J36) -> 264.5
A37: 36 | B37: 周湘鸿 | D37: ==VLOOKUP(B37,[2]在校生综合信息查询!$A$368:$C$406,2,0) -> 24q710103339 | E37: 51 | F37: 83 | G37: 62.5 | H37: 57 | I37: 46 | J37: 35 | K37: ==SUM(E37:J37) -> 334.5
A38: 37 | B38: 周欣怡 | D38: ==VLOOKUP(B38,[2]在校生综合信息查询!$A$368:$C$406,2,0) -> 24q710103340 | E38: 83 | F38: 99 | G38: 71.5 | H38: 46 | I38: 53 | J38: 32 | K38: ==SUM(E38:J38) -> 384.5
A39: 38 | B39: 周意嘉 | D39: ==VLOOKUP(B39,[2]在校生综合信息查询!$A$368:$C$406,2,0) -> 24q710103341 | E39: 65 | F39: 59 | G39: 40.5 | H39: 85 | I39: 76 | J39: 49 | K39: ==SUM(E39:J39) -> 374.5
A40: 39 | B40: 邹晓雨 | D40: ==VLOOKUP(B40,[2]在校生综合信息查询!$A$368:$C$406,2,0) -> 24q710103342 | E40: 70 | F40: 83 | G40: 67 | H40: 68 | I40: 68 | J40: 28 | K40: ==SUM(E40:J40) -> 384

Sheet 24级计算机1班
A1: 序号 | B1: 姓名 | C1: 考号 | D1: 学号 | E1: 语文 | F1: 数学 | G1: 英语 | H1: 办公软件应用 | I1: 计算机网络应用基础 | J1: 信息技术应用基础 | K1: 总分 | L1: 排名
A2: 1 | B2: 白鑫 | C2: 2438 | D2: ==VLOOKUP(B2,[2]在校生综合信息查询!$A$407:$C$484,2,0) -> 24q710103351
A3: 2 | B3: 白云鹤 | C3: 2372 | D3: ==VLOOKUP(B3,[2]在校生综合信息查询!$A$407:$C$484,2,0) -> 24q710201141 | E3: 24 | F3: 8 | G3: 20.5 | H3: 18 | I3: 22 | J3: 26
A4: 3 | B4: 曹艾琦 | C4: 2373 | D4: ==VLOOKUP(B4,[2]在校生综合信息查询!$A$407:$C$484,2,0) -> 24q710201142 | E4: 33 | F4: 44 | G4: 32 | H4: 55 | I4: 39 | J4: 19
A5: 4 | B5: 曾丽丽 | C5: 2445 | D5: ==VLOOKUP(B5,[2]在校生综合信息查询!$A$407:$C$484,2,0) -> 24q710201002
A6: 5 | B6: 陈曾奇 | C6: 2374 | D6: ==VLOOKUP(B6,[2]在校生综合信息查询!$A$407:$C$484,2,0) -> 24q710201143 | E6: 34 | F6: 56 | G6: 17.5 | H6: 55 | I6: 54 | J6: 22
A7: 6 | B7: 陈庆东 | C7: 2375 | D7: ==VLOOKUP(B7,[2]在校生综合信息查询!$A$407:$C$484,2,0) -> 24q710201144 | E7: 24 | F7: 16 | G7: 17.5 | H7: 16 | I7: 27 | J7: 8
A8: 7 | B8: 陈阳 | C8: 2376 | D8: ==VLOOKUP(B8,[2]在校生综合信息查询!$A$407:$C$484,2,0) -> 24q710201145 | E8: 20 | F8: 28 | G8: 16.5 | H8: 18 | I8: 18 | J8: 39
A9: 8 | B9: 陈一鸣 | C9: 2377 | D9: ==VLOOKUP(B9,[2]在校生综合信息查询!$A$407:$C$484,2,0) -> 24q710201146 | E9: 36 | F9: 16 | G9: 24.5 | H9: 28 | I9: 29 | J9: 22
A10: 9 | B10: 付琨宇 | C10: 2378 | D10: ==VLOOKUP(B10,[2]在校生综合信息查询!$A$407:$C$484,2,0) -> 24q710201147 | E10: 21 | F10: 36 | G10: 23 | H10: 22 | I10: 18 | J10: 39
A11: 10 | B11: 付乐 | C11: 2379 | D11: ==VLOOKUP(B11,[2]在校生综合信息查询!$A$407:$C$484,2,0) -> 24q710201148 | E11: 22 | F11: 32 | G11: 24.5 | H11: 29 | I11: 25 | J11: 30
A12: 11 | B12: 付思玉 | C12: 2380 | D12: ==VLOOKUP(B12,[2]在校生综合信息查询!$A$407:$C$484,2,0) -> 24q710201149 | E12: 18 | F12: 52 | G12: 11.5 | H12: 38 | I12: 15 | J12: 61
A13: 12 | B13: 付紫萱 | C13: 2381 | D13: ==VLOOKUP(B13,[2]在校生综合信息查询!$A$407:$C$484,2,0) -> 24q71010328619 | E13: 29 | F13: 44 | G13: 37 | H13: 42 | I13: 38 | J13: 45
A14: 13 | B14: 高铃雅 | C14: 2382 | D14: ==VLOOKUP(B14,[2]在校生综合信息查询!$A$407:$C$484,2,0) -> 24q710201150 | E14: 48 | F14: 44 | G14: 35.5 | H14: 41 | I14: 44 | J14: 58
A15: 14 | B15: 何宝振 | C15: 2383 | D15: ==VLOOKUP(B15,[2]在校生综合信息查询!$A$407:$C$484,2,0) -> 24q710201151
A16: 15 | B16: 何芯锐 | C16: 2384 | D16: ==VLOOKUP(B16,[2]在校生综合信息查询!$A$407:$C$484,2,0) -> 24q710201152 | E16: 16 | F16: 12 | G16: 15.5 | H16: 18 | I16: 20 | J16: 22
A17: 16 | B17: 胡紫豪 | C17: 2385 | D17: ==VLOOKUP(B17,[2]在校生综合信息查询!$A$407:$C$484,2,0) -> 24q710201154 | E17: 27 | F17: 20 | G17: 20
A18: 17 | B18: 解崇勋 | C18: 2446 | D18: ==VLOOKUP(B18,[2]在校生综合信息查询!$A$407:$C$484,2,0) -> 20240681 | E18: 18 | F18: 16 | G18: 21 | H18: 41 | I18: 21 | J18: 42
A19: 18 | B19: 孔智妍 | C19: 2386 | D19: ==VLOOKUP(B19,[2]在校生综合信息查询!$A$407:$C$484,2,0) -> 24q710201158 | E19: 51 | F19: 40 | G19: 21.5 | H19: 61 | I19: 39 | J19: 30
A20: 19 | B20: 李恩俊 | C20: 2436 | D20: ==VLOOKUP(B20,[2]在校生综合信息查询!$A$407:$C$484,2,0) -> 24q710201029 | E20: 9 | F20: 40 | G20: 37 | H20: 40 | I20: 22 | J20: 37
A21: 20 | B21: 李俊豪 | C21: 2387 | D21: ==VLOOKUP(B21,[2]在校生综合信息查询!$A$407:$C$484,2,0) -> 24q710201159 | E21: 19 | F21: 12 | G21: 14 | H21: 25 | I21: 23 | J21: 18
A22: 21 | B22: 李文涛 | C22: 2388 | D22: ==VLOOKUP(B22,[2]在校生综合信息查询!$A$407:$C$484,2,0) -> 24q710201160 | E22: 15 | F22: 24 | G22: 4 | H22: 18 | I22: 21 | J22: 20
A23: 22 | B23: 李潇苒 | C23: 2430 | D23: ==VLOOKUP(B23,[2]在校生综合信息查询!$A$407:$C$484,2,0) -> 20240926 | E23: 39 | F23: 22 | G23: 44.5 | H23: 31 | I23: 30 | J23: 34
A24: 23 | B24: 李勇 | C24: 2389 | D24: ==VLOOKUP(B24,[2]在校生综合信息查询!$A$407:$C$484,2,0) -> 24q710201161 | E24: 51 | F24: 28 | G24: 30.5 | H24: 39 | I24: 27 | J24: 38
A25: 24 | B25: 凌小茹 | C25: 2390 | D25: ==VLOOKUP(B25,[2]在校生综合信息查询!$A$407:$C$484,2,0) -> 24q710201162
A26: 25 | B26: 刘嫣然 | C26: 2391 | D26: ==VLOOKUP(B26,[2]在校生综合信息查询!$A$407:$C$484,2,0) -> 24q710201164 | E26: 17 | F26: 20 | G26: 31.5 | H26: 27 | I26: 25 | J26: 26
A27: 26 | B27: 刘宇轩 | C27: 2435 | D27: ==VLOOKUP(B27,[2]在校生综合信息查询!$A$407:$C$484,2,0) -> 24q710201079 | E27: 9 | F27: 8 | H27: 10 | I27: 22 | J27: 24
A28: 27 | B28: 鲁如意 | C28: 2392 | D28: ==VLOOKUP(B28,[2]在校生综合信息查询!$A$407:$C$484,2,0) -> 24q710201167
A29: 28 | B29: 罗晨 | C29: 2393 | D29: ==VLOOKUP(B29,[2]在校生综合信息查询!$A$407:$C$484,2,0) -> 24q710201168 | E29: 9 | F29: 12 | G29: 16.5 | H29: 21 | I29: 18 | J29: 20
A30: 29 | B30: 罗凌君浩 | C30: 2394 | D30: ==VLOOKUP(B30,[2]在校生综合信息查询!$A$407:$C$484,2,0) -> 24q710201170 | E30: 19 | F30: 24 | G30: 23 | H30: 18 | I30: 15 | J30: 34
A31: 30 | B31: 罗圣鑫 | C31: 2395 | D31: ==VLOOKUP(B31,[2]在校生综合信息查询!$A$407:$C$484,2,0) -> 24q710201171 | E31: 15 | F31: 12 | G31: 22.5 | H31: 19 | I31: 16 | J31: 23
A32: 31 | B32: 牟学红 | C32: 2396 | D32: ==VLOOKUP(B32,[2]在校生综合信息查询!$A$407:$C$484,2,0) -> 24q710201175 | E32: 32 | F32: 4 | G32: 18 | H32: 36 | I32: 22 | J32: 28
A33: 32 | B33: 母彬宇 | C33: 2437 | D33: ==VLOOKUP(B33,[2]在校生综合信息查询!$A$407:$C$484,2,0) -> 20240822 | E33: 37 | F33: 28 | G33: 22.5 | H33: 24 | I33: 10 | J33: 29
A34: 33 | B34: 彭伊凡 | C34: 2439 | D34: ==VLOOKUP(B34,[2]在校生综合信息查询!$A$407:$C$484,2,0) -> 24q710201086 | F34: 12 | G34: 26.5 | H34: 29 | I34: 20 | J34: 18
A35: 34 | B35: 彭雨涵 | C35: 2397 | D35: ==VLOOKUP(B35,[2]在校生综合信息查询!$A$407:$C$484,2,0) -> 24q710201176 | E35: 53 | F35: 8 | G35: 17 | H35: 37 | I35: 19 | J35: 24
A36: 35 | B36: 邱绍博 | C36: 2403 | D36: ==VLOOKUP(B36,[2]在校生综合信息查询!$A$407:$C$484,2,0) -> 24q710201177 | E36: 26 | F36: 20 | G36: 11 | H36: 32 | I36: 20 | J36: 30
A37: 36 | B37: 沈梦曦 | C37: 2404 | D37: ==VLOOKUP(B37,[2]在校生综合信息查询!$A$407:$C$484,2,0) -> 24q7101032866
A38: 37 | B38: 唐佳希 | C38: 2405 | D38: ==VLOOKUP(B38,[2]在校生综合信息查询!$A$407:$C$484,2,0) -> 24q710201040 | E38: 10 | F38: 20 | G38: 24
A39: 38 | B39: 唐茂钞 | C39: 2432 | D39: ==VLOOKUP(B39,[2]在校生综合信息查询!$A$407:$C$484,2,0) -> 24q710201179 | E39: 27 | F39: 16 | G39: 40.5 | H39: 12 | I39: 6 | J39: 28
A40: 39 | B40: 田梦琪 | C40: 2406 | D40: ==VLOOKUP(B40,[2]在校生综合信息查询!$A$407:$C$484,2,0) -> 24q710201088 | E40: 33 | F40: 18 | G40: 45 | H40: 41 | I40: 30 | J40: 48
A41: 40 | B41: 汪诗琪 | C41: 2429 | D41: ==VLOOKUP(B41,[2]在校生综合信息查询!$A$407:$C$484,2,0) -> 24q710201181 | E41: 33 | F41: 24 | G41: 22.5 | H41: 37 | I41: 23 | J41: 25
A42: 41 | B42: 汪雨城 | C42: 2407 | D42: ==VLOOKUP(B42,[2]在校生综合信息查询!$A$407:$C$484,2,0) -> 24q710201182 | E42: 25 | F42: 12 | G42: 19 | H42: 29 | I42: 21 | J42: 31
A43: 42 | B43: 王骏恒 | C43: 2408 | D43: ==VLOOKUP(B43,[2]在校生综合信息查询!$A$407:$C$484,2,0) -> 20240722 | E43: 26 | F43: 16 | G43: 25 | H43: 21 | I43: 23 | J43: 16
A44: 43 | B44: 王念鑫 | C44: 2409 | D44: ==VLOOKUP(B44,[2]在校生综合信息查询!$A$407:$C$484,2,0) -> 24q710201183 | E44: 21 | F44: 16 | G44: 20 | H44: 18 | I44: 30 | J44: 18
A45: 44 | B45: 王思乐 | C45: 2410 | D45: ==VLOOKUP(B45,[2]在校生综合信息查询!$A$407:$C$484,2,0) -> 24q710201184 | E45: 23 | G45: 30.5 | H45: 22 | I45: 26 | J45: 22
A46: 45 | B46: 王思睿 | C46: 2411 | D46: ==VLOOKUP(B46,[2]在校生综合信息查询!$A$407:$C$484,2,0) -> 24q710201185 | E46: 20 | F46: 24 | G46: 47 | H46: 28 | I46: 19 | J46: 24
A47: 46 | B47: 王月圻 | C47: 2412 | D47: ==VLOOKUP(B47,[2]在校生综合信息查询!$A$407:$C$484,2,0) -> 24q710201186 | E47: 27 | F47: 16 | G47: 25 | H47: 21 | I47: 14 | J47: 33
A48: 47 | B48: 吴耀阳 | C48: 2413 | D48: ==VLOOKUP(B48,[2]在校生综合信息查询!$A$407:$C$484,2,0) -> 24q710201096 | E48: 23 | F48: 44 | G48: 27 | H48: 24 | I48: 23 | J48: 12
A49: 48 | B49: 席辰辰 | C49: 2414 | D49: ==VLOOKUP(B49,[2]在校生综合信息查询!$A$407:$C$484,2,0) -> 24q710201187 | E49: 39 | F49: 40 | G49: 45.5 | H49: 41 | I49: 32 | J49: 32
A50: 49 | B50: 肖锦琪 | C50: 2415 | D50: ==VLOOKUP(B50,[2]在校生综合信息查询!$A$407:$C$484,2,0) -> 24q7102011411 | E50: 15 | F50: 8 | G50: 18.5 | H50: 18 | I50: 18 | J50: 29
A51: 50 | B51: 谢子涵 | C51: 2447 | D51: ==VLOOKUP(B51,[2]在校生综合信息查询!$A$407:$C$484,2,0) -> 24q710201188 | E51: 23 | F51: 12 | G51: 22.5 | H51: 22 | I51: 6 | J51: 20
A52: 51 | B52: 胥江源 | C52: 2443 | D52: ==VLOOKUP(B52,[2]在校生综合信息查询!$A$407:$C$484,2,0) -> 24q710201189 | E52: 23 | F52: 24 | G52: 17.5 | H52: 22 | I52: 25 | J52: 22
A53: 52 | B53: 徐晴纹 | C53: 2442 | D53: ==VLOOKUP(B53,[2]在校生综合信息查询!$A$407:$C$484,2,0) -> 24q710201190 | E53: 44 | F53: 20 | G53: 41.5 | H53: 44 | I53: 32 | J53: 39
A54: 53 | B54: 许俊晰 | C54: 2416 | D54: ==VLOOKUP(B54,[2]在校生综合信息查询!$A$407:$C$484,2,0) -> 24q710201192 | E54: 6 | F54: 16 | G54: 21 | H54: 27 | I54: 14 | J54: 34
A55: 54 | B55: 许琳茜 | C55: 2417 | D55: ==VLOOKUP(B55,[2]在校生综合信息查询!$A$407:$C$484,2,0) -> 24q710201193 | E55: 46 | F55: 28 | G55: 32 | H55: 67 | I55: 20 | J55: 26
A56: 55 | B56: 阳皓鑫 | C56: 2418 | D56: ==VLOOKUP(B56,[2]在校生综合信息查询!$A$407:$C$484,2,0) -> 24q710201194
A57: 56 | B57: 杨佩凌 | C57: 2419 | D57: ==VLOOKUP(B57,[2]在校生综合信息查询!$A$407:$C$484,2,0) -> 24q710201195 | E57: 19 | F57: 58 | G57: 21 | H57: 54 | I57: 20 | J57: 21
A58: 57 | B58: 杨清晨 | C58: 2431 | D58: ==VLOOKUP(B58,[2]在校生综合信息查询!$A$407:$C$484,2,0) -> 24q710201196 | E58: 6 | F58: 12 | G58: 27.5 | H58: 24 | I58: 16 | J58: 18
A59: 58 | B59: 杨宇琪 | C59: 2433 | D59: ==VLOOKUP(B59,[2]在校生综合信息查询!$A$407:$C$484,2,0) -> 24q710201198 | E59: 2 | F59: 12 | G59: 15.5 | H59: 18 | I59: 23 | J59: 14
A60: 59 | B60: 殷斯涵 | C60: 2420 | D60: ==VLOOKUP(B60,[2]在校生综合信息查询!$A$407:$C$484,2,0) -> #N/A | E60: 44 | F60: 36 | G60: 50 | H60: 53 | I60: 34 | J60: 44
A61: 60 | B61: 尹芦耀 | C61: 2421 | D61: ==VLOOKUP(B61,[2]在校生综合信息查询!$A$407:$C$484,2,0) -> 20240927 | E61: 36 | F61: 16 | G61: 22.5 | H61: 25 | I61: 29 | J61: 28
A62: 61 | B62: 余佩谣 | C62: 2422 | D62: ==VLOOKUP(B62,[2]在校生综合信息查询!$A$407:$C$484,2,0) -> 20240426 | E62: 7 | F62: 20 | G62: 24.5 | H62: 12 | I62: 16 | J62: 10
A63: 62 | B63: 余智缘 | C63: 2434 | D63: ==VLOOKUP(B63,[2]在校生综合信息查询!$A$407:$C$484,2,0) -> 24q710201202 | E63: 9 | F63: 32 | G63: 25 | H63: 16 | I63: 16 | J63: 16
A64: 63 | B64: 张玲媛 | C64: 2423 | D64: ==VLOOKUP(B64,[2]在校生综合信息查询!$A$407:$C$484,2,0) -> 24q710201203 | E64: 23 | F64: 44 | G64: 19.5 | H64: 38 | I64: 41 | J64: 33
A65: 64 | B65: 张芮菡 | C65: 2424 | D65: ==VLOOKUP(B65,[2]在校生综合信息查询!$A$407:$C$484,2,0) -> 24q710201204 | F65: 60 | G65: 23.5 | H65: 50 | I65: 43 | J65: 36
A66: 65 | B66: 张以轩 | C66: 2425 | D66: ==VLOOKUP(B66,[2]在校生综合信息查询!$A$407:$C$484,2,0) -> 24q710201206
A67: 66 | B67: 张振杨 | C67: 2426 | D67: ==VLOOKUP(B67,[2]在校生综合信息查询!$A$407:$C$484,2,0) -> 24q710103286191
A68: 67 | B68: 张志豪 | C68: 2427 | D68: ==VLOOKUP(B68,[2]在校生综合信息查询!$A$407:$C$484,2,0) -> 24q710201112 | E68: 8 | F68: 12 | G68: 44.5 | H68: 37 | I68: 22 | J68: 26
A69: 68 | B69: 赵超越 | D69: ==VLOOKUP(B69,[2]在校生综合信息查询!$A$407:$C$484,2,0) -> 24q710201207 | E69: 11 | F69: 24 | G69: 27.5 | H69: 25 | I69: 20 | J69: 26
A70: 69 | B70: 赵秋宇 | D70: ==VLOOKUP(B70,[2]在校生综合信息查询!$A$407:$C$484,2,0) -> 24q710201208 | E70: 25 | F70: 32 | G70: 22.5 | H70: 54 | I70: 22 | J70: 24
A71: 70 | B71: 赵茹意 | D71: ==VLOOKUP(B71,[2]在校生综合信息查询!$A$407:$C$484,2,0) -> 24q710201209 | E71: 37 | F71: 16 | G71: 26 | H71: 34 | I71: 22 | J71: 22
A72: 71 | B72: 郑继翔 | D72: ==VLOOKUP(B72,[2]在校生综合信息查询!$A$407:$C$484,2,0) -> 24q71010328618 | E72: 53 | F72: 60 | G72: 45 | H72: 49 | I72: 29 | J72: 39
A73: 72 | B73: 郑平 | D73: ==VLOOKUP(B73,[2]在校生综合信息查询!$A$407:$C$484,2,0) -> 24q710201211 | E73: 8 | F73: 16 | G73: 19.5 | H73: 24 | I73: 29 | J73: 23
A74: 73 | B74: 郑文佳 | D74: ==VLOOKUP(B74,[2]在校生综合信息查询!$A$407:$C$484,2,0) -> 24q710201212 | E74: 23 | F74: 16 | G74: 11.5 | H74: 30 | I74: 21 | J74: 24
A75: 74 | B75: 郑志敏 | D75: ==VLOOKUP(B75,[2]在校生综合信息查询!$A$407:$C$484,2,0) -> 24q710201213 | E75: 46 | F75: 20 | G75: 23 | H75: 68 | I75: 46 | J75: 52
A76: 75 | B76: 朱骆 | D76: ==VLOOKUP(B76,[2]在校生综合信息查询!$A$407:$C$484,2,0) -> 24q710201214 | E76: 11 | F76: 24 | G76: 22.5 | H76: 30 | I76: 23 | J76: 23
A77: 76 | B77: 祝愿 | D77: ==VLOOKUP(B77,[2]在校生综合信息查询!$A$407:$C$484,2,0) -> 24q710201215

Sheet 24级计算机2班(本方)
A1: 序号 | B1: 姓名 | C1: 考号 | D1: 学号 | E1: 语文 | F1: 数学 | G1: 英语 | H1: 办公软件应用 | I1: 计算机网络应用基础 | J1: 信息技术应用基础 | K1: 总分 | L1: 排名
A2: 1 | B2: 白玉佳 | C2: 2332 | D2: ==VLOOKUP(B2,[2]在校生综合信息查询!$A$485:$C$524,2,0) -> 24q710201001 | E2: 56 | F2: 131 | G2: 50 | H2: 74 | I2: 78 | J2: 62 | K2: ==SUM(E2:J2) -> 451 | L2: ==RANK(K2,$K$2:$K$45,0) -> 2
A3: 2 | B3: 陈海容 | C3: 2333 | D3: ==VLOOKUP(B3,[2]在校生综合信息查询!$A$485:$C$524,2,0) -> 24q710201003 | E3: 58 | F3: 56 | G3: 56.5 | H3: 36 | I3: 44 | J3: 38 | K3: ==SUM(E3:J3) -> 288.5 | L3: ==RANK(K3,$K$2:$K$45,0) -> 33
A4: 3 | B4: 陈浩冉 | C4: 2334 | D4: ==VLOOKUP(B4,[2]在校生综合信息查询!$A$485:$C$524,2,0) -> 24q710201004 | E4: 59 | F4: 72 | G4: 44 | H4: 37 | I4: 20 | J4: 31 | K4: ==SUM(E4:J4) -> 263 | L4: ==RANK(K4,$K$2:$K$45,0) -> 36
A5: 4 | B5: 陈加 | C5: 2335 | D5: ==VLOOKUP(B5,[2]在校生综合信息查询!$A$485:$C$524,2,0) -> 24q710201005 | E5: 45 | F5: 101 | G5: 67 | H5: 57 | I5: 50 | J5: 40 | K5: ==SUM(E5:J5) -> 360 | L5: ==RANK(K5,$K$2:$K$45,0) -> 13
A6: 5 | B6: 陈语馨 | C6: 2336 | D6: ==VLOOKUP(B6,[2]在校生综合信息查询!$A$485:$C$524,2,0) -> 24q710201006 | E6: 56 | F6: 90 | G6: 66 | H6: 67 | I6: 51 | J6: 51 | K6: ==SUM(E6:J6) -> 381 | L6: ==RANK(K6,$K$2:$K$45,0) -> 11
A7: 6 | B7: 范宇菲 | C7: 2337 | D7: ==VLOOKUP(B7,[2]在校生综合信息查询!$A$485:$C$524,2,0) -> 24q710201009 | E7: 68 | F7: 95 | G7: 74.5 | H7: 60 | I7: 67 | J7: 62 | K7: ==SUM(E7:J7) -> 426.5 | L7: ==RANK(K7,$K$2:$K$45,0) -> 3
A8: 7 | B8: 方卓妍 | C8: 2338 | D8: ==VLOOKUP(B8,[2]在校生综合信息查询!$A$485:$C$524,2,0) -> 24q710201010 | E8: 72 | F8: 89 | G8: 56.5 | H8: 60 | I8: 69 | J8: 49 | K8: ==SUM(E8:J8) -> 395.5 | L8: ==RANK(K8,$K$2:$K$45,0) -> 6
A9: 8 | B9: 付依依 | C9: 2339 | D9: ==VLOOKUP(B9,[2]在校生综合信息查询!$A$485:$C$524,2,0) -> 24q710201011 | E9: 54 | F9: 94 | G9: 77 | H9: 46 | I9: 76 | J9: 46 | K9: ==SUM(E9:J9) -> 393 | L9: ==RANK(K9,$K$2:$K$45,0) -> 7
A10: 9 | B10: 龚婷雯 | C10: 2340 | D10: ==VLOOKUP(B10,[2]在校生综合信息查询!$A$485:$C$524,2,0) -> 24q710201013 | E10: 54 | F10: 61 | G10: 71 | H10: 45 | I10: 29 | J10: 39 | K10: ==SUM(E10:J10) -> 299 | L10: ==RANK(K10,$K$2:$K$45,0) -> 28
A11: 10 | B11: 顾心语 | C11: 2341 | D11: ==VLOOKUP(B11,[2]在校生综合信息查询!$A$485:$C$524,2,0) -> 24q710201014 | E11: 71 | F11: 50 | G11: 67.5 | H11: 47 | I11: 32 | J11: 37 | K11: ==SUM(E11:J11) -> 304.5 | L11: ==RANK(K11,$K$2:$K$45,0) -> 24
A12: 11 | B12: 郭慧茹 | C12: 2342 | D12: ==VLOOKUP(B12,[2]在校生综合信息查询!$A$485:$C$524,2,0) -> 24q710201015 | E12: 69 | F12: 63 | G12: 63 | H12: 54 | I12: 75 | J12: 52 | K12: ==SUM(E12:J12) -> 376 | L12: ==RANK(K12,$K$2:$K$45,0) -> 12
A13: 12 | B13: 郭嘉豪 | C13: 2343 | D13: ==VLOOKUP(B13,[2]在校生综合信息查询!$A$485:$C$524,2,0) -> 24q710201016 | E13: 60 | F13: 46 | G13: 54.5 | H13: 43 | I13: 54 | J13: 47 | K13: ==SUM(E13:J13) -> 304.5 | L13: ==RANK(K13,$K$2:$K$45,0) -> 24
... A35: 34 | B35: 王秋衡 | C35: 2364 | D35: ==VLOOKUP(B35,[2]在校生综合信息查询!$A$485:$C$524,2,0) -> 24q710201042 | E35: 71 | F35: 123 | G35: 75 | H35: 63 | I35: 72 | J35: 49 | K35: ==SUM(E35:J35) -> 453 | L35: ==RANK(K35,$K$2:$K$45,0) -> 1
A36: 35 | B36: 文玉儿 | D36: ==VLOOKUP(B36,[2]在校生综合信息查询!$A$485:$C$524,2,0) -> 24q710201043 | E36: 65 | F36: 103 | G36: 71 | H36: 57 | I36: 45 | J36: 49 | K36: ==SUM(E36:J36) -> 390 | L36: ==RANK(K36,$K$2:$K$45,0) -> 8
A37: 36 | B37: 伍星宇 | D37: ==VLOOKUP(B37,[2]在校生综合信息查询!$A$485:$C$524,2,0) -> 24q710201044 | E37: 44 | F37: 20 | G37: 59 | H37: 46 | I37: 39 | J37: 35 | K37: ==SUM(E37:J37) -> 243 | L37: ==RANK(K37,$K$2:$K$45,0) -> 39
A38: 37 | B38: 鲜李莉 | D38: ==VLOOKUP(B38,[2]在校生综合信息查询!$A$485:$C$524,2,0) -> 24q710201046 | E38: 61 | F38: 99 | G38: 44.5 | H38: 59 | I38: 70 | J38: 50 | K38: ==SUM(E38:J38) -> 383.5 | L38: ==RANK(K38,$K$2:$K$45,0) -> 9
A39: 38 | B39: 尹伶丹 | D39: ==VLOOKUP(B39,[2]在校生综合信息查询!$A$485:$C$524,2,0) -> 24q710201048 | E39: 58 | F39: 61 | G39: 72 | H39: 65 | I39: 67 | J39: 59 | K39: ==SUM(E39:J39) -> 382 | L39: ==RANK(K39,$K$2:$K$45,0) -> 10
A40: 39 | B40: 张靖蒲 | D40: ==VLOOKUP(B40,[2]在校生综合信息查询!$A$485:$C$524,2,0) -> 24q710201049 | E40: 68 | F40: 12 | G40: 35 | H40: 38 | I40: 24 | J40: 41 | K40: ==SUM(E40:J40) -> 218 | L40: ==RANK(K40,$K$2:$K$45,0) -> 40
A41: 40 | B41: 张希睿 | D41: ==VLOOKUP(B41,[2]在校生综合信息查询!$A$485:$C$524,2,0) -> 24q710201050 | E41: 50 | F41: 28 | G41: 42 | H41: 39 | I41: 38 | J41: 47 | K41: ==SUM(E41:J41) -> 244 | L41: ==RANK(K41,$K$2:$K$45,0) -> 38

Sheet 24级计算机3班(本方)
A1: 序号 | B1: 姓名 | C1: 考号 | D1: 学号 | E1: 语文 | F1: 数学 | G1: 英语 | H1: 办公软件应用 | I1: 计算机网络应用基础 | J1: 信息技术应用基础 | K1: 总分 | L1: 排名
A2: 1 | B2: 李航宇 | C2: 2298 | D2: ==VLOOKUP(B2,[2]在校生综合信息查询!$A$525:$C$559,2,0) -> 24q710201073 | E2: 40 | F2: 41 | G2: 34.5 | H2: 58 | I2: 50 | J2: 22 | K2: ==SUM(E2:J2) -> 245.5 | L2: ==RANK(K2,$K$2:$K$45,0) -> 33
A3: 2 | B3: 李乐 | C3: 2299 | D3: ==VLOOKUP(B3,[2]在校生综合信息查询!$A$525:$C$559,2,0) -> 24q710201074 | E3: 67 | F3: 36 | G3: 45 | H3: 48 | I3: 32 | J3: 37 | K3: ==SUM(E3:J3) -> 265 | L3: ==RANK(K3,$K$2:$K$45,0) -> 29
A4: 3 | B4: 李振宇 | C4: 2300 | D4: ==VLOOKUP(B4,[2]在校生综合信息查询!$A$525:$C$559,2,0) -> 24q710201076 | E4: 70 | F4: 88 | G4: 44 | H4: 72 | I4: 79 | J4: 50 | K4: ==SUM(E4:J4) -> 403 | L4: ==RANK(K4,$K$2:$K$45,0) -> 7
A5: 4 | B5: 刘羽萱 | C5: 2301 | D5: ==VLOOKUP(B5,[2]在校生综合信息查询!$A$525:$C$559,2,0) -> 24q710201080 | E5: 73 | F5: 68 | G5: 52 | H5: 54 | I5: 66 | J5: 48 | K5: ==SUM(E5:J5) -> 361 | L5: ==RANK(K5,$K$2:$K$45,0) -> 14
A6: 5 | B6: 柳佳怡 | C6: 2302 | D6: ==VLOOKUP(B6,[2]在校生综合信息查询!$A$525:$C$559,2,0) -> 24q710201081 | E6: 51 | F6: 84 | G6: 65 | H6: 65 | I6: 78 | J6: 42 | K6: ==SUM(E6:J6) -> 385 | L6: ==RANK(K6,$K$2:$K$45,0) -> 10
A7: 6 | B7: 罗浩东 | C7: 2303 | D7: ==VLOOKUP(B7,[2]在校生综合信息查询!$A$525:$C$559,2,0) -> 24q710201082 | E7: 59 | F7: 49 | G7: 58.5 | H7: 57 | I7: 44 | J7: 42 | K7: ==SUM(E7:J7) -> 309.5 | L7: ==RANK(K7,$K$2:$K$45,0) -> 23
A8: 7 | B8: 罗钰淇 | C8: 2304 | D8: ==VLOOKUP(B8,[2]在校生综合信息查询!$A$525:$C$559,2,0) -> 24q710201083 | E8: 63 | F8: 28 | G8: 64.5 | H8: 62 | I8: 30 | J8: 43 | K8: ==SUM(E8:J8) -> 290.5 | L8: ==RANK(K8,$K$2:$K$45,0) -> 27
A9: 8 | B9: 欧思辰 | C9: 2305 | D9: ==VLOOKUP(B9,[2]在校生综合信息查询!$A$525:$C$559,2,0) -> 24q710201084 | E9: 81 | F9: 40 | G9: 58.5 | H9: 58 | I9: 37 | J9: 55 | K9: ==SUM(E9:J9) -> 329.5 | L9: ==RANK(K9,$K$2:$K$45,0) -> 16
A10: 9 | B10: 彭辉 | C10: 2306 | D10: ==VLOOKUP(B10,[2]在校生综合信息查询!$A$525:$C$559,2,0) -> 24q710201085 | E10: 25 | F10: 56 | G10: 68.5 | H10: 64 | I10: 34 | J10: 48 | K10: ==SUM(E10:J10) -> 295.5 | L10: ==RANK(K10,$K$2:$K$45,0) -> 26
A11: 10 | B11: 童江 | C11: 2307 | D11: ==VLOOKUP(B11,[2]在校生综合信息查询!$A$525:$C$559,2,0) -> 24q710201089 | E11: 41 | F11: 34 | G11: 22 | H11: 57 | I11: 39 | J11: 42 | K11: ==SUM(E11:J11) -> 235 | L11: ==RANK(K11,$K$2:$K$45,0) -> 35
A12: 11 | B12: 万慧琳 | C12: 2308 | D12: ==VLOOKUP(B12,[2]在校生综合信息查询!$A$525:$C$559,2,0) -> 24q710201090 | E12: 70 | F12: 97 | G12: 50.5 | H12: 52 | I12: 68 | J12: 50 | K12: ==SUM(E12:J12) -> 387.5 | L12: ==RANK(K12,$K$2:$K$45,0) -> 9
A13: 12 | B13: 汪怡婷 | C13: 2309 | D13: ==VLOOKUP(B13,[2]在校生综合信息查询!$A$525:$C$559,2,0) -> 24q710201091 | E13: 39 | F13: 93 | G13: 47.5 | H13: 60 | I13: 43 | J13: 46 | K13: ==SUM(E13:J13) -> 328.5 | L13: ==RANK(K13,$K$2:$K$45,0) -> 17
... A35: 34 | B35: 周懿鹏 | C35: 2330 | D35: ==VLOOKUP(B35,[2]在校生综合信息查询!$A$525:$C$559,2,0) -> 24q710201119 | E35: 35 | F35: 36 | G35: 46 | H35: 53 | I35: 44 | J35: 46 | K35: ==SUM(E35:J35) -> 260 | L35: ==RANK(K35,$K$2:$K$45,0) -> 31
A36: 35 | B36: 邹奥企 | D36: ==VLOOKUP(B36,[2]在校生综合信息查询!$A$525:$C$559,2,0) -> 24q710201121 | E36: 63 | F36: 67 | G36: 64 | H36: 59 | I36: 52 | J36: 52 | K36: ==SUM(E36:J36) -> 357 | L36: ==RANK(K36,$K$2:$K$45,0) -> 15

Sheet 24级旅游1班
A1: 序号 | B1: 姓名 | C1: 考号 | D1: 学号 | E1: 语文 | F1: 数学 | G1: 英语 | H1: 餐饮服务与管理 | I1: 前厅服务与管理 | J1: 中国旅游地理 | K1: 总分 | L1: 排名 | N1: 语文 | O1: 数学 | P1: 英语
A2: 1 | B2: 曾梓旋 | C2: 2254 | D2: ==VLOOKUP(B2,[2]在校生综合信息查询!$A$560:$C$604,2,0) -> 24q740101001 | E2: ==VLOOKUP(B2,$M$1:$P$45,2,FALSE) -> 20 | F2: ==VLOOKUP(B2,$M$1:$P$45,3,FALSE) -> 12 | G2: ==VLOOKUP(B2,$M$1:$P$45,4,FALSE) -> 27 | H2: 45 | I2: 43 | J2: 26 | K2: ==SUM(E2:J2) -> 173 | L2: ==RANK(K2,$K$2:$K$45,0) -> 13 | M2: 侯奥健 | N2: 18 | O2: 36 | P2: 25.5
A3: 2 | B3: 陈荣乐 | C3: 2296 | D3: ==VLOOKUP(B3,[2]在校生综合信息查询!$A$560:$C$604,2,0) -> 24q740101002 | E3: ==VLOOKUP(B3,$M$1:$P$45,2,FALSE) -> 9 | F3: ==VLOOKUP(B3,$M$1:$P$45,3,FALSE) -> 16 | G3: ==VLOOKUP(B3,$M$1:$P$45,4,FALSE) -> 21.5 | H3: 32 | I3: 17 | J3: 25 | K3: ==SUM(E3:J3) -> 120.5 | L3: ==RANK(K3,$K$2:$K$45,0) -> 33 | M3: 黄玉莹 | N3: 52 | O3: 16 | P3: 57.5
A4: 3 | B4: 陈欣蕾 | C4: 2255 | D4: ==VLOOKUP(B4,[2]在校生综合信息查询!$A$560:$C$604,2,0) -> 24q7401010181 | E4: ==VLOOKUP(B4,$M$1:$P$45,2,FALSE) -> 0 | F4: ==VLOOKUP(B4,$M$1:$P$45,3,FALSE) -> 0 | G4: ==VLOOKUP(B4,$M$1:$P$45,4,FALSE) -> 0 | K4: ==SUM(E4:J4) -> 0 | L4: ==RANK(K4,$K$2:$K$45,0) -> 41 | M4: 李凯茜 | N4: 70 | O4: 30 | P4: 37
A5: 4 | B5: 陈宇航 | C5: 2256 | D5: ==VLOOKUP(B5,[2]在校生综合信息查询!$A$560:$C$604,2,0) -> 24q740101004 | E5: ==VLOOKUP(B5,$M$1:$P$45,2,FALSE) -> 0 | F5: ==VLOOKUP(B5,$M$1:$P$45,3,FALSE) -> 0 | G5: ==VLOOKUP(B5,$M$1:$P$45,4,FALSE) -> 0 | K5: ==SUM(E5:J5) -> 0 | L5: ==RANK(K5,$K$2:$K$45,0) -> 41 | M5: 何瑞云 | N5: 25 | O5: 4 | P5: 49.5
A6: 5 | B6: 陈玉婷 | C6: 2294 | D6: ==VLOOKUP(B6,[2]在校生综合信息查询!$A$560:$C$604,2,0) -> 24q740101005 | E6: ==VLOOKUP(B6,$M$1:$P$45,2,FALSE) -> 24 | F6: ==VLOOKUP(B6,$M$1:$P$45,3,FALSE) -> 12 | G6: ==VLOOKUP(B6,$M$1:$P$45,4,FALSE) -> 17 | H6: 46.5 | I6: 34 | J6: 29 | K6: ==SUM(E6:J6) -> 162.5 | L6: ==RANK(K6,$K$2:$K$45,0) -> 18 | M6: 凌瑶 | N6: 9 | O6: 32 | P6: 17.5
A7: 6 | B7: 邓茜培 | C7: 2257 | D7: ==VLOOKUP(B7,[2]在校生综合信息查询!$A$560:$C$604,2,0) -> 20241306 | E7: ==VLOOKUP(B7,$M$1:$P$45,2,FALSE) -> 37 | F7: ==VLOOKUP(B7,$M$1:$P$45,3,FALSE) -> 32 | G7: ==VLOOKUP(B7,$M$1:$P$45,4,FALSE) -> 10.5 | H7: 34 | I7: 51.5 | J7: 42.5 | K7: ==SUM(E7:J7) -> 207.5 | L7: ==RANK(K7,$K$2:$K$45,0) -> 5 | M7: 杨洹颢 | N7: 12 | O7: 32 | P7: 17.5
A8: 7 | B8: 范雅婕 | C8: 2289 | D8: ==VLOOKUP(B8,[2]在校生综合信息查询!$A$560:$C$604,2,0) -> 24q740101007 | E8: ==VLOOKUP(B8,$M$1:$P$45,2,FALSE) -> 13 | F8: ==VLOOKUP(B8,$M$1:$P$45,3,FALSE) -> 8 | G8: ==VLOOKUP(B8,$M$1:$P$45,4,FALSE) -> 20.5 | H8: 37 | I8: 25 | J8: 26.5 | K8: ==SUM(E8:J8) -> 130 | L8: ==RANK(K8,$K$2:$K$45,0) -> 32 | M8: 郑雨萱 | N8: 21 | O8: 32 | P8: 20.5
A9: 8 | B9: 何婧悠 | C9: 2290 | D9: ==VLOOKUP(B9,[2]在校生综合信息查询!$A$560:$C$604,2,0) -> 24q740101075 | E9: ==VLOOKUP(B9,$M$1:$P$45,2,FALSE) -> 28 | F9: ==VLOOKUP(B9,$M$1:$P$45,3,FALSE) -> 16 | G9: ==VLOOKUP(B9,$M$1:$P$45,4,FALSE) -> 23 | H9: 29.5 | I9: 20 | J9: 14.5 | K9: ==SUM(E9:J9) -> 131 | L9: ==RANK(K9,$K$2:$K$45,0) -> 30 | M9: 邓茜培 | N9: 37 | O9: 32 | P9: 10.5
A10: 9 | B10: 何梦涵 | C10: 2258 | D10: ==VLOOKUP(B10,[2]在校生综合信息查询!$A$560:$C$604,2,0) -> 24q740101076 | E10: ==VLOOKUP(B10,$M$1:$P$45,2,FALSE) -> 17 | F10: ==VLOOKUP(B10,$M$1:$P$45,3,FALSE) -> 24 | G10: ==VLOOKUP(B10,$M$1:$P$45,4,FALSE) -> 37 | H10: 20.5 | I10: 35 | J10: 19.5 | K10: ==SUM(E10:J10) -> 153 | L10: ==RANK(K10,$K$2:$K$45,0) -> 22 | M10: 张露丹 | N10: 48 | O10: 13 | P10: 49
A11: 10 | B11: 何瑞云 | C11: 2259 | D11: ==VLOOKUP(B11,[2]在校生综合信息查询!$A$560:$C$604,2,0) -> 24q740101011 | E11: ==VLOOKUP(B11,$M$1:$P$45,2,FALSE) -> 25 | F11: ==VLOOKUP(B11,$M$1:$P$45,3,FALSE) -> 4 | G11: ==VLOOKUP(B11,$M$1:$P$45,4,FALSE) -> 49.5 | H11: 40 | I11: 50 | J11: 30 | K11: ==SUM(E11:J11) -> 198.5 | L11: ==RANK(K11,$K$2:$K$45,0) -> 7 | M11: 王欣怡 | N11: 22 | O11: 20 | P11: 41
A12: 11 | B12: 何夏希 | C12: 2260 | D12: ==VLOOKUP(B12,[2]在校生综合信息查询!$A$560:$C$604,2,0) -> 24q740101013 | E12: ==VLOOKUP(B12,$M$1:$P$45,2,FALSE) -> 21 | F12: ==VLOOKUP(B12,$M$1:$P$45,3,FALSE) -> 16 | G12: ==VLOOKUP(B12,$M$1:$P$45,4,FALSE) -> 19.5 | H12: 47.5 | I12: 46 | J12: 54.5 | K12: ==SUM(E12:J12) -> 204.5 | L12: ==RANK(K12,$K$2:$K$45,0) -> 6 | M12: 凌紫腾 | N12: 41 | O12: 24 | P12: 20.5
A13: 12 | B13: 侯奥健 | C13: 2261 | D13: ==VLOOKUP(B13,[2]在校生综合信息查询!$A$560:$C$604,2,0) -> 24q740101014 | E13: ==VLOOKUP(B13,$M$1:$P$45,2,FALSE) -> 18 | F13: ==VLOOKUP(B13,$M$1:$P$45,3,FALSE) -> 36 | G13: ==VLOOKUP(B13,$M$1:$P$45,4,FALSE) -> 25.5 | H13: 43 | I13: 32 | J13: 26 | K13: ==SUM(E13:J13) -> 180.5 | L13: ==RANK(K13,$K$2:$K$45,0) -> 11 | M13: 李欣娱 | N13: 38 | O13: 16 | P13: 27
A14: 13 | B14: 黄玉莹 | C14: 2295 | D14: ==VLOOKUP(B14,[2]在校生综合信息查询!$A$560:$C$604,2,0) -> 24q740101015 | E14: ==VLOOKUP(B14,$M$1:$P$45,2,FALSE) -> 52 | F14: ==VLOOKUP(B14,$M$1:$P$45,3,FALSE) -> 16 | G14: ==VLOOKUP(B14,$M$1:$P$45,4,FALSE) -> 57.5 | H14: 26 | I14: 52.5 | J14: 28.5 | K14: ==SUM(E14:J14) -> 232.5 | L14: ==RANK(K14,$K$2:$K$45,0) -> 2 | M14: 何梦涵 | N14: 17 | O14: 24 | P14: 37
A15: 14 | B15: 雷京媚 | C15: 2262 | D15: ==VLOOKUP(B15,[2]在校生综合信息查询!$A$560:$C$604,2,0) -> 20240551 | E15: ==VLOOKUP(B15,$M$1:$P$45,2,FALSE) -> 30 | F15: ==VLOOKUP(B15,$M$1:$P$45,3,FALSE) -> 12 | G15: ==VLOOKUP(B15,$M$1:$P$45,4,FALSE) -> 22 | H15: 33.5 | I15: 34 | J15: 62.5 | K15: ==SUM(E15:J15) -> 194 | L15: ==RANK(K15,$K$2:$K$45,0) -> 9 | M15: 罗佳懿 | N15: 24 | O15: 12 | P15: 31.5
A16: 15 | B16: 李凯茜 | C16: 2263 | D16: ==VLOOKUP(B16,[2]在校生综合信息查询!$A$560:$C$604,2,0) -> 24q740101016 | E16: ==VLOOKUP(B16,$M$1:$P$45,2,FALSE) -> 70 | F16: ==VLOOKUP(B16,$M$1:$P$45,3,FALSE) -> 30 | G16: ==VLOOKUP(B16,$M$1:$P$45,4,FALSE) -> 37 | H16: 3 | I16: 58 | J16: 23.5 | K16: ==SUM(E16:J16) -> 221.5 | L16: ==RANK(K16,$K$2:$K$45,0) -> 3 | M16: 王浩然 | N16: 34 | O16: 28 | P16: 15
A17: 16 | B17: 李欣娱 | C17: 2264 | D17: ==VLOOKUP(B17,[2]在校生综合信息查询!$A$560:$C$604,2,0) -> 24q740101018 | E17: ==VLOOKUP(B17,$M$1:$P$45,2,FALSE) -> 38 | F17: ==VLOOKUP(B17,$M$1:$P$45,3,FALSE) -> 16 | G17: ==VLOOKUP(B17,$M$1:$P$45,4,FALSE) -> 27 | H17: 40.5 | I17: 50.5 | J17: 42 | K17: ==SUM(E17:J17) -> 214 | L17: ==RANK(K17,$K$2:$K$45,0) -> 4 | M17: 李雨洪 | N17: 30 | O17: 20 | P17: 22
A18: 17 | B18: 李雨洪 | C18: 2265 | D18: ==VLOOKUP(B18,[2]在校生综合信息查询!$A$560:$C$604,2,0) -> 24q740101019 | E18: ==VLOOKUP(B18,$M$1:$P$45,2,FALSE) -> 30 | F18: ==VLOOKUP(B18,$M$1:$P$45,3,FALSE) -> 20 | G18: ==VLOOKUP(B18,$M$1:$P$45,4,FALSE) -> 22 | H18: 27.5 | I18: 52.5 | J18: 25.5 | K18: ==SUM(E18:J18) -> 177.5 | L18: ==RANK(K18,$K$2:$K$45,0) -> 12 | M18: 姚小满 | N18: 19 | O18: 16 | P18: 29
A19: 18 | B19: 李竹青 | C19: 2266 | D19: ==VLOOKUP(B19,[2]在校生综合信息查询!$A$560:$C$604,2,0) -> 24q740101021 | E19: ==VLOOKUP(B19,$M$1:$P$45,2,FALSE) -> 0 | F19: ==VLOOKUP(B19,$M$1:$P$45,3,FALSE) -> 0 | G19: ==VLOOKUP(B19,$M$1:$P$45,4,FALSE) -> 0 | K19: ==SUM(E19:J19) -> 0 | L19: ==RANK(K19,$K$2:$K$45,0) -> 41 | M19: 雷京媚 | N19: 30 | O19: 12 | P19: 22
A20: 19 | B20: 凌瑶 | C20: 2287 | D20: ==VLOOKUP(B20,[2]在校生综合信息查询!$A$560:$C$604,2,0) -> 24q740101022 | E20: ==VLOOKUP(B20,$M$1:$P$45,2,FALSE) -> 9 | F20: ==VLOOKUP(B20,$M$1:$P$45,3,FALSE) -> 32 | G20: ==VLOOKUP(B20,$M$1:$P$45,4,FALSE) -> 17.5 | H20: 30 | I20: 44 | J20: 19.5 | K20: ==SUM(E20:J20) -> 152 | L20: ==RANK(K20,$K$2:$K$45,0) -> 23 | M20: 钟文佳 | N20: 25 | O20: 4 | P20: 28
A21: 20 | B21: 凌紫腾 | C21: 2267 | D21: ==VLOOKUP(B21,[2]在校生综合信息查询!$A$560:$C$604,2,0) -> 24q71010328622 | E21: ==VLOOKUP(B21,$M$1:$P$45,2,FALSE) -> 41 | F21: ==VLOOKUP(B21,$M$1:$P$45,3,FALSE) -> 24 | G21: ==VLOOKUP(B21,$M$1:$P$45,4,FALSE) -> 20.5 | H21: 27.5 | I21: 33 | J21: 21 | K21: ==SUM(E21:J21) -> 167 | L21: ==RANK(K21,$K$2:$K$45,0) -> 15 | M21: 曾梓旋 | N21: 20 | O21: 12 | P21: 27
A22: 21 | B22: 罗佳懿 | C22: 2288 | D22: ==VLOOKUP(B22,[2]在校生综合信息查询!$A$560:$C$604,2,0) -> 24q740101026 | E22: ==VLOOKUP(B22,$M$1:$P$45,2,FALSE) -> 24 | F22: ==VLOOKUP(B22,$M$1:$P$45,3,FALSE) -> 12 | G22: ==VLOOKUP(B22,$M$1:$P$45,4,FALSE) -> 31.5 | H22: 26 | I22: 46 | J22: 25 | K22: ==SUM(E22:J22) -> 164.5 | L22: ==RANK(K22,$K$2:$K$45,0) -> 17 | M22: 向陈军 | N22: 10 | O22: 20 | P22: 27
A23: 22 | B23: 欧袁圆 | C23: 2268 | D23: ==VLOOKUP(B23,[2]在校生综合信息查询!$A$560:$C$604,2,0) -> 740101026 | E23: ==VLOOKUP(B23,$M$1:$P$45,2,FALSE) -> 11 | F23: ==VLOOKUP(B23,$M$1:$P$45,3,FALSE) -> 16 | G23: ==VLOOKUP(B23,$M$1:$P$45,4,FALSE) -> 17.5 | H23: 27 | I23: 37 | J23: 22.5 | K23: ==SUM(E23:J23) -> 131 | L23: ==RANK(K23,$K$2:$K$45,0) -> 30 | M23: 杨飞 | N23: 25 | O23: 20 | P23: 20
A24: 23 | B24: 宋菲菲 | C24: 2269 | D24: ==VLOOKUP(B24,[2]在校生综合信息查询!$A$560:$C$604,2,0) -> 24q740101028 | E24: ==VLOOKUP(B24,$M$1:$P$45,2,FALSE) -> 23 | F24: ==VLOOKUP(B24,$M$1:$P$45,3,FALSE) -> 12 | G24: ==VLOOKUP(B24,$M$1:$P$45,4,FALSE) -> 16.5 | H24: 43.5 | I24: 44 | J24: 43 | K24: ==SUM(E24:J24) -> 182 | L24: ==RANK(K24,$K$2:$K$45,0) -> 10 | M24: 杨芯怡 | N24: 8 | O24: 20 | P24: 0
A25: 24 | B25: 王浩然 | C25: 2270 | D25: ==VLOOKUP(B25,[2]在校生综合信息查询!$A$560:$C$604,2,0) -> 24q740101029 | E25: ==VLOOKUP(B25,$M$1:$P$45,2,FALSE) -> 34 | F25: ==VLOOKUP(B25,$M$1:$P$45,3,FALSE) -> 28 | G25: ==VLOOKUP(B25,$M$1:$P$45,4,FALSE) -> 15 | H25: 19.5 | I25: 37 | J25: 25 | K25: ==SUM(E25:J25) -> 158.5 | L25: ==RANK(K25,$K$2:$K$45,0) -> 19 | M25: 钟羽杉 | N25: 17 | O25: 20 | P25: 21
A26: 25 | B26: 王欣怡 | C26: 2271 | D26: ==VLOOKUP(B26,[2]在校生综合信息查询!$A$560:$C$604,2,0) -> 24q740101031 | E26: ==VLOOKUP(B26,$M$1:$P$45,2,FALSE) -> 22 | F26: ==VLOOKUP(B26,$M$1:$P$45,3,FALSE) -> 20 | G26: ==VLOOKUP(B26,$M$1:$P$45,4,FALSE) -> 41 | H26: 41.5 | I26: 48 | J26: 23 | K26: ==SUM(E26:J26) -> 195.5 | L26: ==RANK(K26,$K$2:$K$45,0) -> 8 | M26: 何婧悠 | N26: 28 | O26: 16 | P26: 23
A27: 26 | B27: 文研馨 | C27: 2272 | D27: ==VLOOKUP(B27,[2]在校生综合信息查询!$A$560:$C$604,2,0) -> #N/A | E27: ==VLOOKUP(B27,$M$1:$P$45,2,FALSE) -> 15 | F27: ==VLOOKUP(B27,$M$1:$P$45,3,FALSE) -> 8 | G27: ==VLOOKUP(B27,$M$1:$P$45,4,FALSE) -> 24 | H27: 20 | I27: 47 | J27: 28 | K27: ==SUM(E27:J27) -> 142 | L27: ==RANK(K27,$K$2:$K$45,0) -> 26 | M27: 陈玉婷 | N27: 24 | O27: 12 | P27: 17
A28: 27 | B28: 吴诗 | C28: 2273 | D28: ==VLOOKUP(B28,[2]在校生综合信息查询!$A$560:$C$604,2,0) -> 24q740101036 | E28: ==VLOOKUP(B28,$M$1:$P$45,2,FALSE) -> 11 | F28: ==VLOOKUP(B28,$M$1:$P$45,3,FALSE) -> 16 | G28: ==VLOOKUP(B28,$M$1:$P$45,4,FALSE) -> 16 | H28: 24 | I28: 50 | J28: 31 | K28: ==SUM(E28:J28) -> 148 | L28: ==RANK(K28,$K$2:$K$45,0) -> 24 | M28: 文研馨 | N28: 15 | O28: 8 | P28: 24
A29: 28 | B29: 鲜琼 | C29: 2274 | D29: ==VLOOKUP(B29,[2]在校生综合信息查询!$A$560:$C$604,2,0) -> 24q740101039 | E29: ==VLOOKUP(B29,$M$1:$P$45,2,FALSE) -> 12 | F29: ==VLOOKUP(B29,$M$1:$P$45,3,FALSE) -> 12 | G29: ==VLOOKUP(B29,$M$1:$P$45,4,FALSE) -> 18.5 | H29: 36 | I29: 23 | J29: 33 | K29: ==SUM(E29:J29) -> 134.5 | L29: ==RANK(K29,$K$2:$K$45,0) -> 29 | M29: 陈荣乐 | N29: 9 | O29: 16 | P29: 21.5
A30: 29 | B30: 向陈军 | C30: 2292 | D30: ==VLOOKUP(B30,[2]在校生综合信息查询!$A$560:$C$604,2,0) -> 24q740101040 | E30: ==VLOOKUP(B30,$M$1:$P$45,2,FALSE) -> 10 | F30: ==VLOOKUP(B30,$M$1:$P$45,3,FALSE) -> 20 | G30: ==VLOOKUP(B30,$M$1:$P$45,4,FALSE) -> 27 | H30: 24.5 | J30: 31 | K30: ==SUM(E30:J30) -> 112.5 | L30: ==RANK(K30,$K$2:$K$45,0) -> 36 | M30: 何夏希 | N30: 21 | O30: 16 | P30: 19.5
A31: 30 | B31: 熊宇豪 | C31: 2275 | D31: ==VLOOKUP(B31,[2]在校生综合信息查询!$A$560:$C$604,2,0) -> 24q7401010121 | E31: ==VLOOKUP(B31,$M$1:$P$45,2,FALSE) -> 0 | F31: ==VLOOKUP(B31,$M$1:$P$45,3,FALSE) -> 0 | G31: ==VLOOKUP(B31,$M$1:$P$45,4,FALSE) -> 0 | K31: ==SUM(E31:J31) -> 0 | L31: ==RANK(K31,$K$2:$K$45,0) -> 41 | M31: 宋菲菲 | N31: 23 | O31: 12 | P31: 16.5
A32: 31 | B32: 杨飞 | C32: 2276 | D32: ==VLOOKUP(B32,[2]在校生综合信息查询!$A$560:$C$604,2,0) -> 24q740101041 | E32: ==VLOOKUP(B32,$M$1:$P$45,2,FALSE) -> 25 | F32: ==VLOOKUP(B32,$M$1:$P$45,3,FALSE) -> 20 | G32: ==VLOOKUP(B32,$M$1:$P$45,4,FALSE) -> 20 | H32: 31.5 | I32: 18 | J32: 29.5 | K32: ==SUM(E32:J32) -> 144 | L32: ==RANK(K32,$K$2:$K$45,0) -> 25 | M32: 吴诗 | N32: 11 | O32: 16 | P32: 16
A33: 32 | B33: 杨洹颢 | C33: 2277 | D33: ==VLOOKUP(B33,[2]在校生综合信息查询!$A$560:$C$604,2,0) -> 24q740101042 | E33: ==VLOOKUP(B33,$M$1:$P$45,2,FALSE) -> 12 | F33: ==VLOOKUP(B33,$M$1:$P$45,3,FALSE) -> 32 | G33: ==VLOOKUP(B33,$M$1:$P$45,4,FALSE) -> 17.5 | H33: 13.5 | I33: 23 | J33: 20 | K33: ==SUM(E33:J33) -> 118 | L33: ==RANK(K33,$K$2:$K$45,0) -> 35 | M33: 张杰 | N33: 23 | O33: 12 | P33: 22
A34: 33 | B34: 杨芯怡 | C34: 2278 | D34: ==VLOOKUP(B34,[2]在校生综合信息查询!$A$560:$C$604,2,0) -> 24q740101043 | E34: ==VLOOKUP(B34,$M$1:$P$45,2,FALSE) -> 8 | F34: ==VLOOKUP(B34,$M$1:$P$45,3,FALSE) -> 20 | G34: ==VLOOKUP(B34,$M$1:$P$45,4,FALSE) -> 0 | H34: 16.5 | I34: 24 | J34: 30.5 | K34: ==SUM(E34:J34) -> 99 | L34: ==RANK(K34,$K$2:$K$45,0) -> 38 | M34: 欧袁圆 | N34: 11 | O34: 16 | P34: 17.5
A35: 34 | B35: 姚小满 | C35: 2279 | D35: ==VLOOKUP(B35,[2]在校生综合信息查询!$A$560:$C$604,2,0) -> 24q740101044 | E35: ==VLOOKUP(B35,$M$1:$P$45,2,FALSE) -> 19 | F35: ==VLOOKUP(B35,$M$1:$P$45,3,FALSE) -> 16 | G35: ==VLOOKUP(B35,$M$1:$P$45,4,FALSE) -> 29 | H35: 21 | I35: 31 | J35: 37.5 | K35: ==SUM(E35:J35) -> 153.5 | L35: ==RANK(K35,$K$2:$K$45,0) -> 21 | M35: 范雅婕 | N35: 13 | O35: 8 | P35: 20.5
A36: 35 | B36: 余佳豪 | D36: ==VLOOKUP(B36,[2]在校生综合信息查询!$A$560:$C$604,2,0) -> 24q740101045 | E36: ==VLOOKUP(B36,$M$1:$P$45,2,FALSE) -> 11 | F36: ==VLOOKUP(B36,$M$1:$P$45,3,FALSE) -> 12 | G36: ==VLOOKUP(B36,$M$1:$P$45,4,FALSE) -> 16.5 | H36: 16 | I36: 25 | J36: 27.5 | K36: ==SUM(E36:J36) -> 108 | L36: ==RANK(K36,$K$2:$K$45,0) -> 37 | M36: 郑思涵 | N36: 16 | O36: 12 | P36: 20.5
A37: 36 | B37: 袁红 | D37: ==VLOOKUP(B37,[2]在校生综合信息查询!$A$560:$C$604,2,0) -> 24q740101047 | E37: ==VLOOKUP(B37,$M$1:$P$45,2,FALSE) -> 8 | F37: ==VLOOKUP(B37,$M$1:$P$45,3,FALSE) -> 8 | G37: ==VLOOKUP(B37,$M$1:$P$45,4,FALSE) -> 20 | H37: 27.5 | I37: 46 | J37: 27 | K37: ==SUM(E37:J37) -> 136.5 | L37: ==RANK(K37,$K$2:$K$45,0) -> 28 | M37: 鲜琼 | N37: 12 | O37: 12 | P37: 18.5
A38: 37 | B38: 张杰 | D38: ==VLOOKUP(B38,[2]在校生综合信息查询!$A$560:$C$604,2,0) -> 24q740101048 | E38: ==VLOOKUP(B38,$M$1:$P$45,2,FALSE) -> 23 | F38: ==VLOOKUP(B38,$M$1:$P$45,3,FALSE) -> 12 | G38: ==VLOOKUP(B38,$M$1:$P$45,4,FALSE) -> 22 | H38: 28.5 | I38: 44 | J38: 36 | K38: ==SUM(E38:J38) -> 165.5 | L38: ==RANK(K38,$K$2:$K$45,0) -> 16 | M38: 余佳豪 | N38: 11 | O38: 12 | P38: 16.5
A39: 38 | B39: 张露丹 | D39: ==VLOOKUP(B39,[2]在校生综合信息查询!$A$560:$C$604,2,0) -> 24q740101050 | E39: ==VLOOKUP(B39,$M$1:$P$45,2,FALSE) -> 48 | F39: ==VLOOKUP(B39,$M$1:$P$45,3,FALSE) -> 13 | G39: ==VLOOKUP(B39,$M$1:$P$45,4,FALSE) -> 49 | H39: 41.5 | I39: 60 | J39: 67 | K39: ==SUM(E39:J39) -> 278.5 | L39: ==RANK(K39,$K$2:$K$45,0) -> 1 | M39: 袁红 | N39: 8 | O39: 8 | P39: 20
A40: 39 | B40: 张轩 | D40: ==VLOOKUP(B40,[2]在校生综合信息查询!$A$560:$C$604,2,0) -> 20240064 | E40: ==VLOOKUP(B40,$M$1:$P$45,2,FALSE) -> 12 | F40: ==VLOOKUP(B40,$M$1:$P$45,3,FALSE) -> 8 | G40: ==VLOOKUP(B40,$M$1:$P$45,4,FALSE) -> 13.5 | H40: 14 | I40: 25 | J40: 24 | K40: ==SUM(E40:J40) -> 96.5 | L40: ==RANK(K40,$K$2:$K$45,0) -> 39 | M40: 张轩 | N40: 12 | O40: 8 | P40: 13.5
A41: 40 | B41: 郑思涵 | D41: ==VLOOKUP(B41,[2]在校生综合信息查询!$A$560:$C$604,2,0) -> 24q740101052 | E41: ==VLOOKUP(B41,$M$1:$P$45,2,FALSE) -> 16 | F41: ==VLOOKUP(B41,$M$1:$P$45,3,FALSE) -> 12 | G41: ==VLOOKUP(B41,$M$1:$P$45,4,FALSE) -> 20.5 | H41: 28 | I41: 38 | J41: 27.5 | K41: ==SUM(E41:J41) -> 142 | L41: ==RANK(K41,$K$2:$K$45,0) -> 26 | M41: 邹雅婷 | N41: 9 | O41: 8 | P41: 16.5
A42: 41 | B42: 郑雨萱 | D42: ==VLOOKUP(B42,[2]在校生综合信息查询!$A$560:$C$604,2,0) -> 24q740101106 | E42: ==VLOOKUP(B42,$M$1:$P$45,2,FALSE) -> 21 | F42: ==VLOOKUP(B42,$M$1:$P$45,3,FALSE) -> 32 | G42: ==VLOOKUP(B42,$M$1:$P$45,4,FALSE) -> 20.5 | H42: 16.5 | I42: 53 | J42: 28.5 | K42: ==SUM(E42:J42) -> 171.5 | L42: ==RANK(K42,$K$2:$K$45,0) -> 14 | M42: 陈宇航 | N42: 0 | O42: 0 | P42: 0
